/*
 Navicat Premium Data Transfer

 Source Server         : local
 Source Server Type    : MySQL
 Source Server Version : 80018
 Source Host           : localhost:3306
 Source Schema         : blog

 Target Server Type    : MySQL
 Target Server Version : 80018
 File Encoding         : 65001

 Date: 16/04/2021 17:27:37
*/

SET NAMES utf8mb4;
SET FOREIGN_KEY_CHECKS = 0;

-- ----------------------------
-- Table structure for article
-- ----------------------------
DROP TABLE IF EXISTS `article`;
CREATE TABLE `article`  (
  `id` int(11) UNSIGNED NOT NULL AUTO_INCREMENT,
  `title` varchar(255) CHARACTER SET utf8mb4 COLLATE utf8mb4_bin NOT NULL,
  `author_id` int(11) UNSIGNED NOT NULL,
  `info` text CHARACTER SET utf8mb4 COLLATE utf8mb4_bin NOT NULL,
  `content` text CHARACTER SET utf8mb4 COLLATE utf8mb4_bin NOT NULL,
  `category_id` int(10) UNSIGNED NOT NULL,
  `pic_id` int(11) UNSIGNED NULL DEFAULT NULL,
  `is_delete` int(11) NOT NULL DEFAULT 0,
  `sticky` int(1) NOT NULL DEFAULT 0,
  `create_time` timestamp(0) NOT NULL DEFAULT CURRENT_TIMESTAMP,
  `update_time` timestamp(0) NOT NULL DEFAULT CURRENT_TIMESTAMP ON UPDATE CURRENT_TIMESTAMP(0),
  PRIMARY KEY (`id`) USING BTREE,
  INDEX `title`(`title`) USING BTREE,
  INDEX `pic_id`(`pic_id`) USING BTREE,
  INDEX `author_id`(`author_id`) USING BTREE,
  INDEX `category_id`(`category_id`) USING BTREE,
  CONSTRAINT `author_id` FOREIGN KEY (`author_id`) REFERENCES `author` (`id`) ON DELETE RESTRICT ON UPDATE RESTRICT,
  CONSTRAINT `category_id` FOREIGN KEY (`category_id`) REFERENCES `category` (`id`) ON DELETE RESTRICT ON UPDATE RESTRICT,
  CONSTRAINT `pic_id` FOREIGN KEY (`pic_id`) REFERENCES `picture` (`id`) ON DELETE CASCADE ON UPDATE CASCADE
) ENGINE = InnoDB AUTO_INCREMENT = 47 CHARACTER SET = utf8mb4 COLLATE = utf8mb4_bin ROW_FORMAT = Dynamic;

-- ----------------------------
-- Records of article
-- ----------------------------
INSERT INTO `article` VALUES (1, '中国旅游市场加速回暖 清明假期出行热潮高涨', 1, '值得一提的是，目前中国旅游市场的火热已由清明假期延续至“五一”假期。携程酒店数据显示，随着今年“五一”假期“连休五天”政策落地，4月30日至5月5日酒店订单量较2019年增长53%。机票方面，5月1日至5月5日的机票搜索量同比上涨175%。', '　中新社北京4月2日电 (刘亮)清明节小长假在即，在利好因素趋多的背景下，中国旅游市场正加速回暖。\r\n\r\n　　近期，中国整体疫情形势趋好，国内低风险地区凭绿码自由通行、新冠疫苗接种超过1亿剂次等利好消息不断传出，进一步刺激了中国民众的出游热情。\r\n\r\n　　随着中国多地出行政策的放宽，许多民众“就地过年”积压已久的出行需求正推高清明假期的出行热潮。多家在线旅游平台数据显示，清明假期中国民众出行意愿明显增加，多地机票、酒店、民宿等旅游产品订单迎来火爆期。\r\n\r\n　　在线旅游平台携程2021年清明节预测报告显示，从目前旅游产品预订情况看，清明节出游人次有望恢复至疫情前同期水平，并预计今年清明节出游人次将达1亿；去哪儿网数据则显示，受供需关系影响，去年机票“白菜价”的日子已一去不回，部分热门航线甚至出现票价强劲反弹。\r\n\r\n　　铁路方面，最新数据显示，4月2日至5日，全国铁路预计发送旅客4970万人次。清明假日期间，全国铁路每日计划开行旅客列车10046列，同比2019年清明假日增长10.6%，创今年运力投放新高。\r\n\r\n　　在民众出行热情不断升温之下，酒店、民宿等市场亦迎来喜人涨势。飞猪旅行3月中旬发布的数据显示，清明期间全国酒店预订量两周内一度增长超过140%。此外，清明期间乡村民宿预订量也明显增加，预订量增长超165%。\r\n\r\n　　目前，中国多地旅游景点门票正在火热预售中。截至3月中旬，通过携程平台预订清明节时期的景区门票的人次已经恢复至2019年同期水平。\r\n\r\n　　携程研究院行业分析师方泽茜表示，受疫情影响，去年清明节国内旅游接待总人数同比减少六成多。今年从各方面看，清明假期中国旅游市场回暖形势明显。尤其春节过后，旅游市场已迎来一批出游旅客。在今年疫情防控和出行政策多方利好下，清明假期有望迎来出游高峰。', 1, NULL, 0, 0, '2021-04-02 14:49:54', '2021-04-06 20:16:09');
INSERT INTO `article` VALUES (2, '世界自闭症日，让“星星的孩子”不再孤单', 1, '中新网客户端北京4月2日电 在我们身边，有这样一群孩子，他们被叫作“星星的孩子”。他们似乎总是沉浸在自己的世界，人们很难走进他们的内心。\r\n\r\n　　今天是世界自闭症日。自闭症也称孤独症，有数据显示，中国孤独症人士数量超过1000万，孤独症儿童数量超过200万。', '提起“孤独”“自闭”，人们似乎总是容易联想到“性格孤僻”“心理问题”，但从专业的角度说，孤独症是一种广泛性、严重的发育障碍性障碍。罹患孤独症的儿童主要表现为社会交往和社交交流障碍，以及兴趣狭窄和刻板重复的行为模式。\r\n\r\n　　有数据估算，中国孤独症人士数量超过1000万，孤独症儿童数量超过200万。孤独症已成为严重影响儿童健康的全球公共卫生问题，世界卫生组织将其列为儿童精神疾病第一位。\r\n\r\n　　“这一疾病将对儿童社会交往能力、学业等功能造成不同程度的损害。”首都儿科研究所保健科主治医师张丽丽表示，儿童期是个体生长发育最旺盛、变化最快、可塑性最大的时期，为及时诊断该类疾病、尽早开始康复训练，从而积极改善儿童长期预后，使儿童能尽快融入集体及社会生活，及早发现儿童发育进程中孤独样症状尤为重要。\r\n\r\n　　但在现实中，由于认知有限等原因，父母往往很难发现孩子内心的异常。\r\n\r\n　　张丽丽记得有一个两岁的患儿，确诊之前，因为一直自己玩，妈妈并没有发现异样，总是认为孩子很乖，“直到发现孩子说话延迟，喊其名字也不回应，基本和家人没有目光对视，也不粘着妈妈一起玩，妈妈将孩子带到医院就诊，才被判断出孤独症。”\r\n\r\n　　“孩子的母亲很伤心，后经医生劝说，积极进行了康复治疗，一年后回来复诊，孩子的状况才有所改善。”张丽丽说。\r\n\r\n　　专家表示，如果家长能尽早发现孤独症孩子的不同之处，就能争取到非常宝贵的就诊、早期干预的机会，可明显改善孤独症患儿的结局。', 2, 1, 0, 0, '2021-04-02 15:01:55', '2021-04-06 21:10:21');
INSERT INTO `article` VALUES (15, '基于2-channel network的图片相似度判别', 1, '本篇博文主要讲解2015年CVPR的一篇关于图像相似度计算的文章：《Learning to Compare Image Patches via Convolutional Neural Networks》，本篇文章对经典的算法Siamese Networks 做了改进。学习这篇paper的算法，需要熟悉Siamese Networks（经典老文献《Signature Verification Using a Siamese Time Delay Neural Network》）、以及大神何凯明提出来的空间金字塔池化（2015年CVPR 文献《Spatial Pyramid Pooling in Deep ConvolutionalNetworks for Visual Recognition》），因为文献基本上是在 Siamese Networks的基础上做修改，然后也要借助于空间金字塔池化实现不同大小图片的输入网络。', '<h1>深度学习（十六）基于2-channel network的图片相似度判别</h1>\r\n\r\n<p>基于2-channel network的图片相似度判别</p>\r\n\r\n<p>一、相关理论</p>\r\n\r\n<pre>\r\n<code class=\"language-python\">def get_index():\r\n    page = request.args.get(\"page\")\r\n    id_ = (int(page)-1) * 20\r\n    sticky_list = []\r\n    article_list = []\r\n    sql = \"select * from article limit 20 offset %s\"\r\n    mysql_.cursor.execute(sql,[id_])\r\n    results = mysql_.cursor.fetchall()\r\n    for result in results:\r\n        id = result[0]\r\n        title = result[1]\r\n        author_id = result[2]\r\n        info = result[3]\r\n        category_id = result[5]\r\n        pic_id = result[6]\r\n        sticky = result[7]\r\n        create_time = result[8]\r\n\r\n        sql = \"select name from author where id = %s\"\r\n        mysql_.cursor.execute(sql, [author_id])\r\n        name = mysql_.cursor.fetchone()[0]\r\n\r\n        sql = \"select category from category where id = %s\"\r\n        mysql_.cursor.execute(sql, [category_id])\r\n        category = mysql_.cursor.fetchone()[0]\r\n\r\n        pic_url = \"\"\r\n        if pic_id:\r\n            sql = \"select pic_url from picture where id = %s\"\r\n            mysql_.cursor.execute(sql, [pic_id])\r\n            pic_url = mysql_.cursor.fetchone()[0]\r\n\r\n        if sticky:\r\n            sticky_list.append({\r\n                \"id\":id,\r\n                \"style\": 1,\r\n                \"title\": title,\r\n                \"author\": name,\r\n                \"info\": info,\r\n                \"date\": create_time,\r\n                \"category\":category,\r\n                \"pics\": []\r\n            })\r\n        else:\r\n            if pic_id:\r\n                article_list.append({\r\n                    \"id\": id,\r\n                    \"style\":1,\r\n                    \"title\":title,\r\n                    \"author\":name,\r\n                    \"info\":info,\r\n                    \"date\":create_time,\r\n                    \"category\": category,\r\n                    \"pic\":pic_url\r\n                })\r\n            else:\r\n                article_list.append({\r\n                    \"id\": id,\r\n                    \"style\": 0,\r\n                    \"title\": title,\r\n                    \"author\": name,\r\n                    \"category\": category,\r\n                    \"info\": info,\r\n                    \"date\": create_time,\r\n                })\r\n    return render_template(\"./blog/index.html\",sticky_list=sticky_list,article_list = article_list)</code></pre>\r\n\r\n<p>本篇博文主要讲解2015年CVPR的一篇关于图像相似度计算的文章：《Learning to Compare Image Patches via Convolutional Neural Networks》，本篇文章对经典的算法Siamese Networks 做了改进。学习这篇paper的算法，需要熟悉Siamese Networks（经典老文献《Signature Verification Using a Siamese Time Delay Neural Network》）、以及大神何凯明提出来的空间金字塔池化（2015年CVPR 文献《Spatial Pyramid Pooling in Deep ConvolutionalNetworks for Visual Recognition》），因为文献基本上是在 Siamese Networks的基础上做修改，然后也要借助于空间金字塔池化实现不同大小图片的输入网络。</p>\r\n\r\n<p><img src=\"https://img-blog.csdn.net/20151130173129167?watermark/2/text/aHR0cDovL2Jsb2cuY3Nkbi5uZXQv/font/5a6L5L2T/fontsize/400/fill/I0JBQkFCMA==/dissolve/70/gravity/Center\" /></p>\r\n\r\n<p>网络总结构</p>\r\n\r\n<p>如上图所示，我们的目的是比较两幅图片是否相似，或者说相似度是多少，因此我们构建的卷积神经网络模型的输入就是：两幅图片，然后网络的输出是一个相似度数值。其实我觉得，用&ldquo;计算相似度&rdquo;这个词有点不合适，我觉得应该翻译为匹配程度。因为文献所采用的训练数据中，如果两张图片匹配，输出值标注为y=1，如果两张图片不匹配，那么训练数据标注为y=-1，也就是说，这个训练数据的标注方法，根本就不是一个相似度数值，而是一个是否匹配的数值。我们打个比方，有三样物体：钢笔、铅笔、书包，那么在训练数据中，就把钢笔和铅笔标注为y=1，而不是用一个相似度数值来衡量，比我钢笔和铅笔的相似度我们把它标注为y=0.9&hellip;&hellip;，所以说用于用相似度这个词有点不合理，即使我们最后计算出来的值是一个-1~1之间的数&hellip;&hellip;</p>\r\n\r\n<p>paper主要创新点：在创新点方面，我觉得主要是把Siamese 网络的双分支，合在一起，从而提高了精度，如下图所示</p>\r\n\r\n<p><img src=\"https://img-blog.csdn.net/20151130190712006?watermark/2/text/aHR0cDovL2Jsb2cuY3Nkbi5uZXQv/font/5a6L5L2T/fontsize/400/fill/I0JBQkFCMA==/dissolve/70/gravity/Center\" /></p>\r\n\r\n<p>Siamese 网络</p>\r\n\r\n<p><img src=\"https://img-blog.csdn.net/20151130191035717?watermark/2/text/aHR0cDovL2Jsb2cuY3Nkbi5uZXQv/font/5a6L5L2T/fontsize/400/fill/I0JBQkFCMA==/dissolve/70/gravity/Center\" /></p>\r\n\r\n<p>paper算法2-channel 网络</p>\r\n\r\n<p>先在这里解释下为什么作者要把它称之为：2-channel networks。理解了2-channel这个词，有助于我们后面理解算法。从上面Siamese 网络，我们可以看到这个网络有两个分支组成，因为我们是要比较两张图片patch1、patch2的相似度，所以Siamese 网络的大体思路，就是让patch1、patch2分别经过网络，进行提取特征向量，然后在最后一层对两个两个特征向量做一个相似度损失函数，进行网络训练，这个后面在给进行比较详细的讲解，总的来说Siamese 对于两张图片patch1、patch2的特征提取过程是相互独立的，我们也可以把Siamese 网络称之为&ldquo;2-branches networks&rdquo;。那么paper所提出的算法：2-channel networks 又是什么意思呢？本来patch1、patch2是两张单通道灰度图像、它们各不相干，于是作者的想法就是把patch1、patch2合在一起，把这两张图片，看成是一张双通道的图像。也就是把两个(1，64，64)单通道的数据，放在一起，成为了(2，64，64)的双通道矩阵，然后把这个矩阵数据作为网络的输入，这就是所谓的：2-channel。</p>\r\n\r\n<p>OK，这就是文献的主要创新点，懂得了这个，后面看paper就容易多了，可以说已经把paper的总思路领悟了一半了，是不是感觉貌似很简单的样子。</p>\r\n\r\n<p>二、Siamese网络相关理论</p>\r\n\r\n<p>本部分是为了了解经典的Siamese网络，如果已经知道Siamese网络的结构的，请跳过这一部分。</p>\r\n\r\n<p>1、《Learning a similarity metric discriminatively, with application to face verification》</p>\r\n\r\n<p>Siamese网络:这个是一个曾经用于签字认证识别的网络，也就是我们平时说笔迹识别。这个算法可以用于判断签名笔迹，n年前的一个算法。算法的原理利用神经网络提取描述算子，得到特征向量，然后利用两个图片的特征向量判断相似度，这个有点像sift，只不过是利用CNN进行提取特征，并且用特征向量进行构造损失函数，进行网络训练。下面引用2005年CVPR上的一篇文献《Learning a similarity metric discriminatively, with application to face verification》，进行简单讲解，这篇paper主要是利用Siamese网络做人脸相似度判别，可以用于人脸识别哦，因为我觉得这篇文献的网络结构图画的比较漂亮，比较容易看懂，所以就用这一篇文章，简单讲解Siamese网络的思想。其网络如下图所示，有两个分支分别输入图片x1、x2（须知：这两个分支其实是相同的，同一个cnn模型，同样的参数，文献只是为了方便阅读，所以才画成两个分支，因为他们采用的是权重共享），包含卷积、池化等相关运算。双分支有点难理解，我们还是用单分支来理解吧，说的简单一点把，siamese 网络分成前半部分、后半部分。前半部分用于特征提取，我们可以让两张图片，分别输入我们这个网络的前半部分，然后分别得到一个输出特征向量Gw(x1)、Gw(x2)，接着我们构造两个特征向量距离度量，作为两张图片的相似度计算函数（如公式1所示）。</p>\r\n\r\n<p><img src=\"https://img-blog.csdn.net/20151203204912154?watermark/2/text/aHR0cDovL2Jsb2cuY3Nkbi5uZXQv/font/5a6L5L2T/fontsize/400/fill/I0JBQkFCMA==/dissolve/70/gravity/Center\" /></p>\r\n\r\n<p>Siamese网络</p>\r\n\r\n<p>如上图所示，我们要判断图片X1和X2是否相似，于是我们构建了一个网络映射函数Gw(x)，然后把x1、x2分别作为参数自变量，我们可以得到Gw(x1)、Gw(x2)，也就是得到用于评价X1、X2是否相似的特征向量。然后我们的目的就是要使得函数：</p>\r\n\r\n<p><img src=\"https://img-blog.csdn.net/20151203204922823?watermark/2/text/aHR0cDovL2Jsb2cuY3Nkbi5uZXQv/font/5a6L5L2T/fontsize/400/fill/I0JBQkFCMA==/dissolve/70/gravity/Center\" /></p>\r\n\r\n<p>然后利用这个损失函数，对网络进行训练，就可以判别两张人脸的相似度了。上面过程中网络的两个分支所用的是同一个函数，也就是权值、网络结构是同一个，我们完全可以把Gw(x)看成是一个特征提取器，因此siamese network网络其实就是一个提取一直图片的特征算子的过程，然后再网络的最后一层，是用于定义了特征向量间相似度的损失函数。</p>\r\n\r\n<p>2、Siamese网络</p>\r\n\r\n<p>OK，我们回到本篇博文的主题，下面是paper所用的Siamese网络（shared weights）。在网络的最后顶层，由线性全连接和ReLU激活函数，构成输出层。在paper中，采用的最后是包含两个全连接层，每个隐层包含512个神经元。</p>\r\n\r\n<p><img src=\"https://img-blog.csdn.net/20151204201146814?watermark/2/text/aHR0cDovL2Jsb2cuY3Nkbi5uZXQv/font/5a6L5L2T/fontsize/400/fill/I0JBQkFCMA==/dissolve/70/gravity/Center\" /></p>\r\n\r\n<p>除了Siamese网络，文献还提了另外一种Pseudo-siamese网络，这个网络与siamese network网络最大的区别在于两个分支是权值不共享的，是真正的双分支网络模型。Pseudo-siamese在网络的两个分支上，每个分支是不同的映射函数，也就是说它们提取特征的结构是不一样的，左右两个分支，有不同的权值、或者不同的网络层数等，两个函数互不相关，只是在最后的全连接层，将他们连接在一起了。这个网络相当于训练参数比Siamese网络的训练参数多了将近一倍，当然它比Siamese网络更加灵活。</p>\r\n\r\n<p>其实到了这里，我们提到了原始的Siamese、以及Pseudo-siamese，都只是为了衬托后面作者所提出的算法：2-channel networks，因为最后我们要做算法精度对比，所以作者就啰嗦了这么多。这一部分我觉得啰嗦的太多反而会乱掉，所以还是不细讲，以为这个不是重点。下面要讲解的2-channel 网络才是paper的主要创新点，所以才是我们需要好好细读的部分。因为paper的讲解方法，是根据一步一步改进网络的，所以我就根据文献的思路进行讲解，以siamese network为基础：paper首先提出了把siamese 改成2-channel ，这个是第一次对算法的进化，提高了精度。接着提出Central-surround two-stream network，这个算法只是在网络的输入上做了改变，没有改变网络的结构，可以与2-channel、siamese 结合在一起，提高精度</p>\r\n\r\n<p>三、第一次进化，从siamese 到2-channel （创新点1）</p>\r\n\r\n<p><img alt=\"\" src=\"https://waws520.oss-cn-beijing.aliyuncs.com/community/f477ccf84425d4f150a9ba31bd8712b8.jpeg?Expires=1617428879&amp;OSSAccessKeyId=TMP.3KkGv43U5UiuPQXP8jdLxFjMmC9HJEVos8GNABBdhARk1pBsC91t5Nb1KkjBmDYgaN2jysET72iacjZENfy6pkaKV4jhAg&amp;Signature=6qbatgZxzF1HEMgHGjaOnnlORS8%3D\" style=\"height:400px; width:300px\" /></p>\r\n\r\n<p>网络总体结构，2-channel：与前面讲的Siamese网络、Pseudo-siamese网络本质上每个分支就相当于一个特征提取的过程，然后最后一层就相当计算特征向量相似度的函数一样。于是接着作者提出了2-channel网络结构，跳过了分支的显式的特征提取过程，而是直接学习相似度评价函数。双通道网络结构，就相当于把输入的两张灰度图片看成是一张双通道的图片一样。</p>\r\n\r\n<p><img src=\"https://img-blog.csdn.net/20151204202905335?watermark/2/text/aHR0cDovL2Jsb2cuY3Nkbi5uZXQv/font/5a6L5L2T/fontsize/400/fill/I0JBQkFCMA==/dissolve/70/gravity/Center\" /></p>\r\n\r\n<p>这样算法的最后一层直接是全连接层，输出神经元个数直接为1，直接表示两张图片的相似度。直接用双通道图片进行训练会比较快，比较方便，当然CNN，如果输入的是双通道图片，也就是相当于网络的输入的是2个feature map，经过第一层的卷积后网，两张图片的像素就进行了相关的加权组合并映射，这也就是说，用2-channel的方法，经过了第一次的卷积后，两张输入图片就不分你我了。而Siamese网络是到了最后全连接的时候，两张图片的相关神经元才联系在一起，这就是2-channel 与Siamese给我感觉最大的区别。这个作者后面通过试验，验证了从第一层开始，就把两张图片关联在一起的好处，作者的原话：This is something that indicates that it is important to jointly use information from both</p>\r\n\r\n<p>patches right from the first layer of the network.</p>\r\n\r\n<p>这边顺便提一下文献的一个网络架构细节，卷积核大小：Paper所有的卷积核大小都是采用3*3的，因为在《Very Deep Convolutional Networks for Large-Scale Image Recognition》文献中提到，对于小的卷积核来说，比大尺寸的卷积核有更多的非线性，效果更牛逼，总之就是以后遇到CNN，建议用卷积核比较小的，好处多多。</p>\r\n\r\n<p>四、第二次进化，结合Central-surround two-stream network（创新点2）</p>\r\n\r\n<p>这个创新点，需要对上面的网络结构稍作修改。假设我们输入的是大小为64<em>64的一张图片，那么Central-surround two-stream network的意思就是把图片64</em>64的图片，处理成两张32<em>32图片，然后再输入网络，那么这两张32</em>32的图片是怎么计算得到的？这就是Central-surround方法，也就是第一张图片是通过以图片中心，进行裁剪出32*32的图片，也就是下图的浅蓝色区域的图片。</p>\r\n\r\n<p><img src=\"https://img-blog.csdn.net/20151204203935677?watermark/2/text/aHR0cDovL2Jsb2cuY3Nkbi5uZXQv/font/5a6L5L2T/fontsize/400/fill/I0JBQkFCMA==/dissolve/70/gravity/Center\" /></p>\r\n\r\n<p>那么第二张图片是怎么计算的：这张图片是直接通过对整张图片下采样的方法得到的，也就是说直接把64<em>64的图片进行下采样得到32</em>32的图片。那么作者为什么要把一张64<em>64的图片，拆分成两张32</em>32的图片。其实这个就像多尺度一样，在图片处理领域经常采用多分辨率、多尺度，比如什么sift、还有什么高斯金字塔什么的，总之作者说了，多分辨率可以提高两张图片的match效果。这个Central-surround two-stream network可以和上面提到的2-channel、Siamese结合在一起，提高精度。下面就是Siamese和Central-surround two-stream network结合在一起的网络结构：</p>\r\n\r\n<p><img src=\"https://img-blog.csdn.net/20151204204321135?watermark/2/text/aHR0cDovL2Jsb2cuY3Nkbi5uZXQv/font/5a6L5L2T/fontsize/400/fill/I0JBQkFCMA==/dissolve/70/gravity/Center\" /></p>\r\n\r\n<p>上面是Siamese网络模型，利用Central-surround two-stream network构建新的网络模型，就是在网络输入部分，把输入图片改成多尺度输入。</p>\r\n\r\n<p>五、第三次进化，结合空间金字塔池化SPP</p>\r\n\r\n<p>空间金字塔池化采样：这个又称之为SPP(Spatial pyramid pooling)池化，这个又什么用呢？这个跟上面的有点类似，这个其实就类似于多图片多尺度处理，我们知道现有的卷积神经网络中，输入层的图片的大小一般都是固定的，这也是我之前所理解的一个神经网络。直到知道SPP，感觉视觉又开阔了许多，菜鸟又长见识了。我们知道现在的很多算法中，讲到的训练数据图片的大小，都是什么32<em>32,96</em>96,227*227等大小，也就是说训练数据必须归一化到同样的大小，那么假设我的训练数据是各种各样的图片大小呢？我是否一定要把它裁剪成全部一样大小的图片才可以进入卷积神经网络训练呢？这就是SPP算法所要解决的问题，训练数据图片不需要归一化，而且江湖传说，效果比传统的方法的效果还好。下面是Siamese和SPP结合在一起的网络结构：</p>\r\n\r\n<p><img src=\"https://img-blog.csdn.net/20151204210638256?watermark/2/text/aHR0cDovL2Jsb2cuY3Nkbi5uZXQv/font/5a6L5L2T/fontsize/400/fill/I0JBQkFCMA==/dissolve/70/gravity/Center\" /></p>\r\n\r\n<p>就是在全连接层的前面加了个SPP层。</p>\r\n\r\n<p>关于SPP池化方法，大牛何凯明发表了好几篇文章《Spatial Pyramid Pooling in Deep Convolutional Networks for Visual Recognition》、《Spatial Pyramid Pooling in Deep Convolutional Networks for Visual Recognition》，SSP的相关实现以后再进行讲解，一篇博文一口气如果讲的太多，看着也会觉得累。</p>\r\n\r\n<p>总之这一步是为了使得网络可以输入各种大小的图片，提高网络的实用性，鲁棒性等。</p>\r\n\r\n<p>OK，经过上面的三次进化，网络最后的结构，也就是精度最高，paper最后的算法就是：2-channel+Central-surround two-stream+SPP 的网络结构，因为文献没有把这个网络的结构图画出来，我也懒得画，所以不能给大家提供最后的网络结构图。</p>\r\n\r\n<p>六、网络训练</p>\r\n\r\n<p>首先paper采用了如下损失函数：</p>\r\n\r\n<p><img src=\"https://img-blog.csdn.net/20151204211046442?watermark/2/text/aHR0cDovL2Jsb2cuY3Nkbi5uZXQv/font/5a6L5L2T/fontsize/400/fill/I0JBQkFCMA==/dissolve/70/gravity/Center\" /></p>\r\n\r\n<p>公式第一部分就是正则项，采用L2正则项。第二部分误差损失部分是网络第i对训练图片的输出神经元，然后yi的取值是-1或1，当输入图片是matching的时候，为1，当non-matching的时候是-1。</p>\r\n\r\n<p>参数训练更新方法采用ASGD，其学习率恒为1.0，动量参数选择0.9，然后权重衰减大小选择：</p>\r\n\r\n<p><img src=\"https://img-blog.csdn.net/20151204211402838?watermark/2/text/aHR0cDovL2Jsb2cuY3Nkbi5uZXQv/font/5a6L5L2T/fontsize/400/fill/I0JBQkFCMA==/dissolve/70/gravity/Center\" /></p>\r\n\r\n<p>训练的min-batch大小选择128。权重采用随机初始化方法。</p>\r\n\r\n<p>OK，上面是一些网络参数设置。接着就是数据处理部分了，一般就是数据扩充，也就是给图片加上旋转、镜像、等操作。Paper采用的数据扩充，包含水平翻转、垂直翻转、还有就是旋转，包含90、180、270角度的旋转。训练迭代终止的方法不是采用什么early stop，而是启动让电脑跑个几天的时间，等到闲的时候，回来看结果，做对比（ps：这个有点low）。如果你是刚入门CNN的，还没听过数据扩充，可以看看：<a href=\"http://blog.csdn.net/tanhongguang1/article/details/46279991\">http://blog.csdn.net/tanhongguang1/article/details/46279991</a>。Paper也是采用了训练过程中，随机数据的扩充的方法。</p>\r\n\r\n<p>参考文献：</p>\r\n\r\n<p>1、《Learning to Compare Image Patches via Convolutional Neural Networks》</p>\r\n\r\n<p>2、《Discriminative Learning of Local Image Descriptors》</p>\r\n\r\n<p>3、《signature verification using a siamese time delay neural network_bromley》</p>\r\n\r\n<p>4、《Learning visual similarity for product design with convolutional neural networks》</p>\r\n\r\n<p>5、《Learning a similarity metric discriminatively, with application to face verification》</p>\r\n', 1, 16, 0, 0, '2021-04-03 13:45:19', '2021-04-14 10:40:09');
INSERT INTO `article` VALUES (16, '天池实验室用户手册', 1, '亲爱的天池用户们大家好！ 近期，由PAI平台推出的交互式编程环境PAI DSW(Data Science Workshop)探索者版正式与天池实验室实现融合，成为天池实验室底座，为大家提供完备的IDE以及丰富的计算资源。  DSW集成了开源的JupyterLab，并以插件化的形式进行了深度定制化开发。无需任何运维配置，可直接开启Notebook编写、调试、运行Python代码。同时，平台配备了强大、丰富的计算资源支持用户在平台训练使用。此外，平台已打通多源数据，如MaxCompute表、NAS以及OSS。在使用Notebook完成训练后，支持EASCMD的方式将模型部署成PAI EAS服务,为开发者打造构建，训练，部署的一站式平台。', '<h1>天池实验室用户手册</h1>\r\n\r\n<p>&nbsp;</p>\r\n\r\n<p>亲爱的天池用户们大家好！ 近期，由PAI平台推出的交互式编程环境PAI DSW(Data Science Workshop)探索者版正式与天池实验室实现融合，成为天池实验室底座，为大家提供完备的IDE以及丰富的计算资源。</p>\r\n\r\n<p>DSW集成了开源的JupyterLab，并以插件化的形式进行了深度定制化开发。无需任何运维配置，可直接开启Notebook编写、调试、运行Python代码。同时，平台配备了强大、丰富的计算资源支持用户在平台训练使用。此外，平台已打通多源数据，如MaxCompute表、NAS以及OSS。在使用Notebook完成训练后，支持EASCMD的方式将模型部署成PAI EAS服务,为开发者打造构建，训练，部署的一站式平台。</p>\r\n\r\n<p><strong>注意：</strong> 严禁非正常用途使用天池实验室DSW算力资源的行为，包括但不限于挖矿等操作。该类行为一经发现，其账号将列入黑名单，永久不允许使用相关产品。</p>\r\n\r\n<h2>功能升级&amp;优化</h2>\r\n\r\n<ol>\r\n	<li>\r\n	<p>DSW实验室环境更新到JupyterLab的最新稳定版本2.2.6，支持多个文件同时上传，实例工作空间多开等功能。</p>\r\n	</li>\r\n	<li>\r\n	<p>用户进入DSW所需的时间缩短，CPU拉起时间降低80%以上。</p>\r\n	</li>\r\n	<li>\r\n	<p>支持用户从天池实验室直接挂载数据或打开Notebook进行编辑；用户还可以在DSW中将文档保存至天池实验室，让大家更轻松，简单，高效地分享自己的Notebook。</p>\r\n	</li>\r\n	<li>\r\n	<p>用户现在可以选择使用免费的GPU资源。</p>\r\n	</li>\r\n	<li>\r\n	<p>DSW主界面左侧地数据集搜索由手动触发搜索改为自动触发。</p>\r\n	</li>\r\n	<li>\r\n	<p><strong>DSW使用时长由5小时提升到8小时，且可无限次通过重启刷新</strong>。</p>\r\n	</li>\r\n	<li>\r\n	<p>从天池实验室中打开文档时可以选择是否覆盖DSW中原有文档。</p>\r\n	</li>\r\n	<li>\r\n	<p>CPU： dsw_dev_graphviz_cpu_image：包含graphviz 包库，现在默认镜像已包含 dsw_dev_cpu_image_py3.7：python 版本3.7 测试中</p>\r\n	</li>\r\n	<li>\r\n	<p>GPU： dsw_dev_gpu_tianchi_rlcamp:强化训练营专有镜像</p>\r\n	</li>\r\n</ol>\r\n\r\n<h2>资源分配</h2>\r\n\r\n<p><strong>云资源</strong> 用户可选择2c4g的CPU或是Tesla P100 GPU，为保证资源的有效利用，用户的单次使用时长为8小时，8小时后Kernel会自动断开。断开后用户可以刷新浏览器进行重连。 <strong>存储资源</strong> DSW探索者版为每位用户提供5G免费存储空间。</p>\r\n\r\n<h2>核心特性</h2>\r\n\r\n<ul>\r\n	<li>\r\n	<p>研发环境快速搭建,灵活定制与分享, 尤其适合打造团队开发环境模板</p>\r\n	</li>\r\n	<li>\r\n	<p>线上,线下各种数据源打通:ODPS, OSS,NAS, Local Storage,GitLab</p>\r\n	</li>\r\n	<li>\r\n	<p>支持各种训练框架: Tensorflow,PyTorch等</p>\r\n	</li>\r\n	<li>\r\n	<p>交互式编程，可视化调试与命令行输入等多种编程模式,兼顾不同习惯的开发者</p>\r\n	</li>\r\n	<li>\r\n	<p>既适用于个人和团队研发，也支持大规模算法竞赛和教育培训</p>\r\n	</li>\r\n</ul>\r\n\r\n<h2>入门须知问题汇总</h2>\r\n\r\n<h3>0、DSW完整使用说明视频介绍</h3>\r\n\r\n<p><a href=\"https://tianchi.aliyun.com/course/live/1600\">点击查看完整视频介绍</a> <img alt=\"Image\" src=\"https://tianchi-public.oss-cn-hangzhou.aliyuncs.com/public/files/forum/161025073691896221610250736515.png\" /></p>\r\n\r\n<h3>1、DSW完整使用说明图文介绍</h3>\r\n\r\n<p>1.1 入口</p>\r\n\r\n<p>你可以从天池网站首页一级导航找到天池实验室 <img alt=\"Alt text\" src=\"https://img.alicdn.com/tfs/TB1IgAnTEH1gK0jSZSyXXXtlpXa-2720-1240.jpg\" /></p>\r\n\r\n<p>1.2 创建项目</p>\r\n\r\n<p><strong>第一步，新建</strong></p>\r\n\r\n<p>你可以通过以下n种方式新建项目：</p>\r\n\r\n<ol>\r\n	<li>\r\n	<p>通过&ldquo;我的notebook&rdquo;中的&ldquo;新建&rdquo;按钮创建，除了从我们提供的模板新建notebook，您还可以通过上传本地的ipynb文件新建哦，是不是很方便呐~；</p>\r\n\r\n	<p>入口一：</p>\r\n\r\n	<p>&nbsp;</p>\r\n\r\n	<p>天池实验室入口点击直达</p>\r\n\r\n	<p><img alt=\"Image\" src=\"https://img.alicdn.com/tfs/TB1BJtJhwgP7K4jSZFqXXamhVXa-2198-1514.jpg\" /></p>\r\n	</li>\r\n	<li>\r\n	<p>通过&ldquo;技术圈&rdquo;页面右侧的&ldquo;创建notebook&rdquo;按钮创建；</p>\r\n\r\n	<p>入口二：</p>\r\n\r\n	<p>&nbsp;</p>\r\n\r\n	<p>天池技术圈入口点击直达</p>\r\n\r\n	<p><img alt=\"Image\" src=\"https://img.alicdn.com/tfs/TB1W3.jTxD1gK0jSZFsXXbldVXa-2578-1332.jpg\" /></p>\r\n	</li>\r\n	<li>\r\n	<p>通过数据详情页面&ldquo;创建notebook&rdquo;按钮创建。这种方法创建的notebook会自动关联该数据集；</p>\r\n\r\n	<p>入口三：</p>\r\n\r\n	<p>&nbsp;</p>\r\n\r\n	<p>天池数据集入口点击直达</p>\r\n\r\n	<p><img alt=\"Image\" src=\"https://img.alicdn.com/tfs/TB1jUAzTBr0gK0jSZFnXXbRRXXa-2552-1388.jpg\" /></p>\r\n	</li>\r\n	<li>\r\n	<p>在参加比赛的过程中，你也可以找到新建&ldquo;notebook&rdquo;的地方哦，快去发现吧；</p>\r\n\r\n	<p>入口四：</p>\r\n\r\n	<p>&nbsp;</p>\r\n\r\n	<p>天池大赛入口点击直达</p>\r\n\r\n	<p><img alt=\"Image\" src=\"https://img.alicdn.com/tfs/TB1aokmTuH2gK0jSZJnXXaT1FXa-2512-1522.jpg\" /></p>\r\n	</li>\r\n</ol>\r\n\r\n<p><strong>第二步，关联数据集</strong></p>\r\n\r\n<p>新版实验室做出了些许改动，可以发现载数据功能被迁移到了右上角，点击该按钮即可从天池数据集中挂载数据。</p>\r\n\r\n<p>你可以关联天池站点已有的&ldquo;官方数据集&rdquo;，也可以关联自己或他人上传的数据集。</p>\r\n\r\n<p><img alt=\"Image\" src=\"https://img.alicdn.com/tfs/TB1LjwtTAT2gK0jSZFkXXcIQFXa-1271-569.jpg\" /></p>\r\n\r\n<p><img alt=\"Image\" src=\"https://img.alicdn.com/tfs/TB13c7pTqL7gK0jSZFBXXXZZpXa-2306-1264.jpg\" /></p>\r\n\r\n<p><strong>第三步，编码运行</strong></p>\r\n\r\n<p>点击&ldquo;编辑&rdquo;可以进入到DSW，DSW自动加载notebook文件加载</p>\r\n\r\n<p><img alt=\"Image\" src=\"https://img.alicdn.com/tfs/TB10K7ATBr0gK0jSZFnXXbRRXXa-2196-1248.jpg\" /></p>\r\n\r\n<p><strong>DSW编码环境介绍</strong></p>\r\n\r\n<p>进入DSW之后，等待几秒我们就会看到如下页面：</p>\r\n\r\n<p><img alt=\"Image\" src=\"https://img.alicdn.com/tfs/TB1PxYijfzO3e4jSZFxXXaP_FXa-1438-644.jpg\" /></p>\r\n\r\n<p>如上图所示，左侧是DSW实验室的⽂件区，中间是⼯作区，所有被打开的⽂件都会在⼯作区显示出来。右侧是计算资源区域，在这⾥你可以看到你当前使⽤的资源类型。</p>\r\n\r\n<ul>\r\n	<li>\r\n	<p>切换GPU/CPU资源 点击右边计算资源区的箭头，即可弹出资源详情，点击切换按钮就可以进行CPU和GPU环境的切换，如下图所示：</p>\r\n\r\n	<p><img alt=\"Image\" src=\"https://img.alicdn.com/tfs/TB105ckTxD1gK0jSZFsXXbldVXa-1437-639.jpg\" /></p>\r\n	</li>\r\n	<li>\r\n	<p>添加数据源 在左侧&ldquo;天池&rdquo;菜单中可添加数据源，通过搜索可查询到天池公共数据集、个人数据集</p>\r\n	</li>\r\n</ul>\r\n\r\n<p><img alt=\"Image\" src=\"https://img.alicdn.com/tfs/TB1LFABTBr0gK0jSZFnXXbRRXXa-2298-1256.jpg\" /></p>\r\n\r\n<ul>\r\n	<li>\r\n	<p>上传文件 小文件可以直接在DSW上传</p>\r\n	</li>\r\n</ul>\r\n\r\n<p><img alt=\"Image\" src=\"https://img.alicdn.com/tfs/TB1yJ7diRFR4u4jSZFPXXanzFXa-1439-645.jpg\" /></p>\r\n\r\n<ul>\r\n	<li>\r\n	<p>操作界面说明</p>\r\n	</li>\r\n</ul>\r\n\r\n<p><img alt=\"Image\" src=\"https://img.alicdn.com/tfs/TB1e8zchIVl614jSZKPXXaGjpXa-744-932.jpg\" /></p>\r\n\r\n<p><img alt=\"Image\" src=\"https://img.alicdn.com/tfs/TB1C3EhTpY7gK0jSZKzXXaikpXa-798-1004.jpg\" /></p>\r\n\r\n<p><strong>拓展包相关</strong></p>\r\n\r\n<p>1）安装包：pip install some_package --user</p>\r\n\r\n<p>2）卸载包：部分包有依赖，无法卸载</p>\r\n\r\n<p>3）更新包：pip install -U some_package --user</p>\r\n\r\n<p>4）强制更新安装最新版本的包：!pip install --ignore-installed some_package</p>\r\n\r\n<p>如果导入过程出错，建议尝试重启kernel或刷新页面 <img alt=\"Image\" src=\"https://tianchi-public.oss-cn-hangzhou.aliyuncs.com/public/files/forum/161025186375997131610251862434.png\" /></p>\r\n\r\n<p>1.3 保存至天池&amp;发布技术圈</p>\r\n\r\n<p><strong>在DSW保存代码至天池</strong></p>\r\n\r\n<p>点击左侧&ldquo;天池&rdquo;tab，然后点击<code>保存到天池</code>按钮，就可以选择将所做的更改保存至天池-我的实验室，如下图所示。 <img alt=\"Image\" src=\"https://img.alicdn.com/imgextra/i1/O1CN01ht88I720HRPiWFoIi_!!6000000006824-2-tps-1432-443.png\" /></p>\r\n\r\n<p><strong>设置notebook基本信息</strong></p>\r\n\r\n<p>在DSW将代码保存回天池后，可以在天池实验室刷查看内容是否保存成功。 然后可以点击天池实验室页面中的<code>设置</code>按钮，可以更改项目名和将项目设置为公开。</p>\r\n\r\n<p><img alt=\"Image\" src=\"https://img.alicdn.com/tfs/TB1aQ.iTuL2gK0jSZPhXXahvXXa-1271-575.png\" /></p>\r\n\r\n<p><strong>发布至技术圈</strong></p>\r\n\r\n<p>在更改好项目名称和将项目设置为公开后，可以点击<code>发布至技术圈</code>按钮将公开的notebook快速发布到技术圈.</p>\r\n\r\n<p><img alt=\"Image\" src=\"https://img.alicdn.com/tfs/TB1lMZhTpY7gK0jSZKzXXaikpXa-1270-567.jpg\" /></p>\r\n\r\n<h3>2、如何切换GPU和CPU？</h3>\r\n\r\n<p>注意：目前GPU下不支持访问外网，所以切换到GPU环境时需要先访问DSW地址：<a href=\"https://dsw-dev.data.aliyun.com/\">点击直达</a></p>\r\n\r\n<pre>\r\n&nbsp;https://dsw-dev.data.aliyun.com/</pre>\r\n\r\n<p>然后按下方方法切换至GPU环境，免费资源有限，如非必要，建议大家在CPU环境下进行编程学习，更加稳定。 <a href=\"https://tianchi-media.oss-cn-beijing.aliyuncs.com/online-video/DSW/CPU%E5%88%87%E6%8D%A2%E5%88%B0GPU.mov\">点击查看视频详情</a></p>\r\n\r\n<p><img alt=\"enter image description here\" src=\"https://tianchi-public.oss-cn-hangzhou.aliyuncs.com/public/files/forum/159773036093840391597730360905.gif\" /> 由于GPU环境下无法访问外网，所以也不能从天池实验室直接点击编辑按钮将代码加载到DSW，需要大家先在CPU环境下，在天池实验室点击编辑按钮将代码加载到DSW，然后再按上方方法切换到GPU环境。</p>\r\n\r\n<h3>3、如何挂载并使用数据？</h3>\r\n\r\n<p><a href=\"https://tianchi.aliyun.com/course/live/1601\">点击查看完整视频介绍</a> <img alt=\"Image\" src=\"https://tianchi-public.oss-cn-hangzhou.aliyuncs.com/public/files/forum/161025162646688311610251624754.png\" /></p>\r\n\r\n<h3>4、如何查看案例代码？</h3>\r\n\r\n<p><a href=\"https://tianchi-media.oss-cn-beijing.aliyuncs.com/online-video/DSW/%E6%9F%A5%E7%9C%8BDEMO.mov\">点击查看视频详情</a></p>\r\n\r\n<p><img alt=\"enter image description here\" src=\"https://tianchi-public.oss-cn-hangzhou.aliyuncs.com/public/files/forum/159773040742978391597730407168.gif\" /></p>\r\n\r\n<h3>5、如果觉得现在免费的探索者版不够用怎么办？</h3>\r\n\r\n<p>可以考虑购买商业版，地址：<a href=\"https://www.aliyun.com/activity/bigdata/pai/dsw\">https://www.aliyun.com/activity/bigdata/pai/dsw</a></p>\r\n\r\n<h3>6、本地文件如何上传到DSW？</h3>\r\n\r\n<p>1）小文件可以直接在DSW上传 <img alt=\"enter image description here\" src=\"https://tianchi-public.oss-cn-hangzhou.aliyuncs.com/public/files/forum/159767101241883321597671011882.png\" /></p>\r\n\r\n<p>2）大文件推荐先上传到 oss平台， 然后wget下载下来 OSS平台地址：<a href=\"https://oss.console.aliyun.com/overview\">https://oss.console.aliyun.com/overview</a></p>\r\n\r\n<p>3）同时上传多个文件，建议大家先本地压缩，然后上传 执行下面命令即可完成解压，关于unzip的更多使用方法，大家可以浏览器搜索查一下更多使用方法。</p>\r\n\r\n<pre>\r\n&nbsp;!unzip 文件名.zip</pre>\r\n\r\n<h3>7、完整项目案例</h3>\r\n\r\n<p>你可以在DSW中将代码和文档放在一起,点击Tab顶部的工具栏即可切换每个Cell的类型。按住<code>shift + enter</code>即可运行当前Cell。也可以点击上方三角形来运行。接下来会有几个小练习让你快速上手DSW的使用。让我们从尝试用DSW计算斐波那契数列的第10项开始吧！</p>\r\n\r\n<p>7.1 计算第 N 个斐波那契数列 的函数</p>\r\n\r\n<pre>\r\n<code class=\"language-python\"> def Fibonacci(n): \r\n     if n&lt;0: \r\n         print(\"异常输入，请确认输入一个正整数\") \r\n     # 第一个斐波那契数是 0 \r\n     elif n==1: \r\n         return 0\r\n     # 第二个斐波那契数是 1 \r\n     elif n==2: \r\n         return 1\r\n     else: \r\n         return Fibonacci(n-1)+Fibonacci(n-2) \r\n # 计算第10个斐波那契数并打印出来\r\n print(\'第10个斐波那契数是:\',Fibonacci(10)) </code></pre>\r\n\r\n<p>现在你已经熟悉了DSW最基本的运行Cell的方式，接下来就让我们通过使用 <code>Iris 鸢尾花数据集</code> 快速在DSW中完成一个简单的机器学习工作流：数据读取，分析，构建，和训练。</p>\r\n\r\n<p>7.2 数据读取，探索与分析</p>\r\n\r\n<p>在支持Python原生读取数据的基础之上，为了方便用户们读取数据，DSW还提供了 dswmagic command 来帮助用户从MaxCompute项目中读取数据。同时在DSW中，你可以通过使用一些类似<code>pandas</code>的库来对数据进行整理和分析。同时你也可以将数据可视化通过各种你熟悉的库来进行数据可视化。接下来就让我们尝试从一个MaxCompute的公开项目中读取 Iris 鸢尾花数据集。让我们先从安装dswmagic开始！</p>\r\n\r\n<pre>\r\n<code class=\"language-python\"> !wget https://dsw-resource.oss-cn-beijing.aliyuncs.com/dswmagic/dswmagic-0.0.4-py3-none-any.whl\r\n !pip install dswmagic-0.0.4-py3-none-any.whl --user\r\n !pip install -U numpy --user\r\n # 加载 dswmagic 插件\r\n %load_ext dswmagic\r\n !mkdir -p /home/admin/logs/dsw/\r\n # SELECT  *  FROM pai_online_project.iris_dataset LIMIT  150;\r\n df = _df0.to_pandas()\r\n %matplotlib inline\r\n df.plot.scatter(\r\n     x=\'sepal_length\',\r\n     y=\'sepal_width\',\r\n     c=\'species_type\',\r\n     colormap=\'viridis\')</code></pre>\r\n\r\n<p>7.3 模型构建与训练</p>\r\n\r\n<p>了解完数据后，我们就可以开始构建模型了。接下来让我们通过使用sklearn快速构建一个对<code>iris鸢尾花数据集</code>的决策树模型。在这之前，我们也许需要升级scikit-learn这个库的版本以支持模型的可视化。此外我们还需要安装一个模型导出的依赖库,我们可以通过在Cell前加感叹号来直接执行Shell命令。下面就是一个很好的例子。</p>\r\n\r\n<pre>\r\n<code class=\"language-python\"> !pip install sklearn2pmml --user\r\n !pip install -U scikit-learn --user\r\n from sklearn2pmml import PMMLPipeline\r\n from sklearn.datasets import load_iris\r\n from sklearn import tree\r\n ​\r\n iris = load_iris()\r\n clf = tree.DecisionTreeClassifier()\r\n clf.fit(\r\n     df[[\'sepal_length\',\'sepal_width\',\'petal_length\',\'petal_width\']], \r\n     df[\'species_type\']\r\n )</code></pre>\r\n\r\n<p>7.4 对模型进行可视化</p>\r\n\r\n<pre>\r\n<code class=\"language-python\"> import matplotlib.pyplot as plt\r\n fig, ax = plt.subplots(figsize=(12, 12))\r\n tree.plot_tree(clf) </code></pre>\r\n\r\n<p>这样我们就在DSW中完成一个简单的机器学习工作流：数据读取，分析，构建，和训练。对于模型的部署和调度，欢迎参考<a href=\"https://help.aliyun.com/document_detail/113696.html\">EAS模型在线服务</a>的相关文档。</p>\r\n\r\n<h2>常见问题汇总</h2>\r\n\r\n<p><strong>Q1：DSW中更新tensorflow到2.3导入时却报错：No module named tensorflow.python.tools</strong></p>\r\n\r\n<p>A：包安装问题，更新方法：pip install -U some_package --user，如果不行，建议重新安装</p>\r\n\r\n<p><strong>Q2：pip 安装库后，import时还是显示没有这个库</strong></p>\r\n\r\n<p>A：重启kernel，确定你的kernel选择正确，应该选择python3</p>\r\n\r\n<p><strong>Q3：经常跳出弹框：Server Connection Error invalid response：403 Forbidden</strong></p>\r\n\r\n<p>A：可能是计算内存过大，或者网络不稳定</p>\r\n\r\n<p><strong>Q4：安装库显示 Could not install packages due to an EnvironmentError：[Error 122] Disk quota exceeded</strong></p>\r\n\r\n<p>A：存储空间不足，免费版每个人有5g空间，需要更多空间可以考虑开个小号或者删除不需要的文件，也可以购买商业版。</p>\r\n\r\n<p><strong>Q5：pip 下载库失败</strong></p>\r\n\r\n<p>A：!pip install 需下载包名 --user ，例如：!pip install gensim --user</p>\r\n\r\n<p><strong>Q6：如何升级cudatoolkit，报错Could not load dynamic library &#39;libcudart.so.10.1，文件没权限</strong></p>\r\n\r\n<p>A：需要升级的话，可以考虑购买商业版，地址：<a href=\"https://www.aliyun.com/activity/bigdata/pai/dsw?spm=a2c0j.14094439.6150169640.1.73da32b2qcmsPV\">https://www.aliyun.com/activity/bigdata/pai/dsw?spm=a2c0j.14094439.6150169640.1.73da32b2qcmsPV</a></p>\r\n\r\n<p><strong>Q7：为什么在GPU上的命令行里没有办法使用git clone 指令？</strong></p>\r\n\r\n<p>A：直接在oss界面点击生成http地址就可以了</p>\r\n\r\n<p><strong>Q8：本地大文件/工程文件夹/数据集有那些办法或者怎么样生成url 让DSW下载？</strong></p>\r\n\r\n<p>A：先上传到 oss 然后wget下载下来</p>\r\n\r\n<p><strong>Q9：访问DSW显示504，怎么办？</strong></p>\r\n\r\n<p>A：推荐关闭重新进，或者刷新页面</p>\r\n\r\n<p><strong>Q10：训练速度慢，选手觉得正常一个epoch大概10多分钟就够</strong></p>\r\n\r\n<p>A：选手训练的每个epoch都比较大</p>\r\n\r\n<p><strong>Q11：安装库报错PermissionError</strong></p>\r\n\r\n<p>A：命令开头加!，末尾加 --user,如：!pip install gensim --user</p>\r\n\r\n<p><strong>Q12：谈框报错：File Save Error for Text classification&hellip;</strong></p>\r\n\r\n<p>A：可能是网络环境不稳定导致</p>\r\n\r\n<p><strong>Q13：Sklearn 每次都要更新</strong></p>\r\n\r\n<p>A：sklearn 默认安装，选手对版本有要求确实需要手动更新</p>\r\n\r\n<p><strong>Q14：如何卸载模块？</strong></p>\r\n\r\n<p>A：探索版无sudo权限，无法删除</p>\r\n\r\n<p><strong>Q15：导入numpy模块，报错ImportError：Something is wrong with the numpy installation. While importing we detected an older version of numpy in &hellip;</strong></p>\r\n\r\n<p>A：环境安装出错了，建议重启实例，或者先由CPU换到GPU，然后再切回CPU</p>\r\n\r\n<p><strong>Q16：跑一个实验超过了8小时，会自动续时间还是停止了？</strong></p>\r\n\r\n<p>A：停止了，需要再使用的话需要重新上线</p>\r\n\r\n<p><strong>Q17：进入DSW后显示no kernel</strong></p>\r\n\r\n<p>A：自己点击选择下，一般选择python3</p>\r\n\r\n<p><strong>Q18：DSW里面上传的文件下次登录会被删除吗？</strong></p>\r\n\r\n<p>A：不会的，在CPU实例里面下载是可以的，GPU实例不行</p>\r\n\r\n<p><strong>Q19：本次安装的包，下次使用还在吗？</strong></p>\r\n\r\n<p>A：重启就不在了</p>\r\n\r\n<p><strong>Q20：GPU 不能联网就没法训练？</strong></p>\r\n\r\n<p>A：是的，GPU实例无法连接外网</p>\r\n\r\n<p><strong>Q21：代码运行快捷键</strong></p>\r\n\r\n<p>A：shift + enter</p>\r\n\r\n<p><strong>Q22：关于DSW使用时常问题？</strong></p>\r\n\r\n<p>A：每次只能连续运行8h，超过8h会自动断掉，如果需要运行超过8h的程序，建议购买商业版 购买链接 ： <a href=\"https://help.aliyun.com/document_detail/163684.html?spm=a2c4g.11186623.6.651.715b5692fWJKoj\">https://help.aliyun.com/document_detail/163684.html?spm=a2c4g.11186623.6.651.715b5692fWJKoj</a></p>\r\n\r\n<p><strong>Q23：商业版使用过程遇到问题怎么办？</strong></p>\r\n\r\n<p>A：可以提交工单，有专人支持</p>\r\n\r\n<p><strong>Q24：多个小文件上传后部分加载不出来？</strong></p>\r\n\r\n<p>A：建议压缩后上传，然后解压即可</p>\r\n\r\n<p><strong>Q25：多个版本的包，升级显示已经存在？</strong></p>\r\n\r\n<p><strong>A：可以执行以下命令，强制升级安装最新包</strong></p>\r\n\r\n<p>!pip install --ignore-installed 包名</p>\r\n\r\n<p><strong>Q26：如何在DSW加载中文字体？</strong></p>\r\n\r\n<p>自己在网络中下载<code>simsun</code>字体，然后上传到DSW即可加载。</p>\r\n\r\n<pre>\r\n<code class=\"language-python\"> # 举例：绘图案例，显示中文字体\r\n %matplotlib inline\r\n import numpy as np\r\n import matplotlib.pyplot as plt\r\n ​\r\n # 添加字体  ../ 表示上一级目录\r\n font_manager.fontManager.addfont(\'../simsun.ttc\')\r\n # 安装好字体后可以正常设置为SimSun\r\n plt.rcParams[\'font.sans-serif\'] = [\'SimSun\']  # 中文字体设置-黑体\r\n plt.rcParams[\'axes.unicode_minus\'] = False  # 解决保存图像是负号\'-\'显示为方块的问题\r\n x = np.linspace(0, 10, 1000)\r\n y = np.sin(x)\r\n plt.figure(figsize=(10,5)) \r\n plt.plot(x,y,label=\"$sin(x)$\",color=\"red\",linewidth=2)\r\n plt.xlabel(\"自变量(x)\")\r\n plt.ylabel(\"正炫函数图F(x)=sin(x)\")\r\n plt.title(\"加载中文画图例子\")\r\n plt.show()</code></pre>\r\n\r\n<p><img alt=\"Image\" src=\"https://img.alicdn.com/imgextra/i2/O1CN015ENWQ11uCxqidtOOs_!!6000000006002-2-tps-801-431.png\" /></p>\r\n', 1, 17, 0, 0, '2021-04-06 10:25:23', '2021-04-06 10:25:23');
INSERT INTO `article` VALUES (17, 'TextCNN文本分类（keras实现）', 1, '深度学习模型在计算机视觉与语音识别方面取得了卓越的成就，在 NLP 领域也是可以的。将卷积神经网络CNN应用到文本分类任务，利用多个不同size的kernel来提取句子中的关键信息（类似 n-gram 的关键信息），从而能够更好地捕捉局部相关性。  文本分类是自然语言处理领域最活跃的研究方向之一。', '<h2>TextCNN文本分类（keras实现）</h2>\r\n\r\n<p>目录</p>\r\n\r\n<p>&gt; 一、论文笔记<br />\r\n&gt;<br />\r\n&gt; 二、Keras文本预处理<br />\r\n&gt;<br />\r\n&gt; ​&nbsp;&nbsp; &nbsp;**1、读取数据集**<br />\r\n&gt;<br />\r\n&gt; ​&nbsp;&nbsp; &nbsp;**2、将文字转换成数字特征**<br />\r\n&gt;<br />\r\n&gt; ​&nbsp;&nbsp; &nbsp;**3、将每条文本转换为数字列表**<br />\r\n&gt;<br />\r\n&gt; ​&nbsp;&nbsp; &nbsp;**4、将每条文本设置为相同长度**<br />\r\n&gt;<br />\r\n&gt; ​&nbsp;&nbsp; &nbsp;**5、将每个词编码转换为词向量**<br />\r\n&gt;<br />\r\n&gt; ​&nbsp;&nbsp; &nbsp;**6、Keras文本预处理代码实现**<br />\r\n&gt;<br />\r\n&gt; 三、基于keras的TextCNN模型的构建、训练与测试<br />\r\n&gt;<br />\r\n&gt; ​&nbsp;&nbsp; &nbsp;**1、基础版CNN（模仿LeNet-5）**<br />\r\n&gt;<br />\r\n&gt; ​&nbsp;&nbsp; &nbsp;**2、简单版TextCNN**<br />\r\n&gt;<br />\r\n&gt; ​&nbsp;&nbsp; &nbsp;**3、使用Word2Vec词向量的TextCNN**<br />\r\n&gt;<br />\r\n&gt; 四、绘制TextCNN模型结构图<br />\r\n&gt;<br />\r\n&gt; ​&nbsp;&nbsp; &nbsp;**1、环境配置**<br />\r\n&gt;<br />\r\n&gt; ​&nbsp;&nbsp; &nbsp;**2、绘制模型图**<br />\r\n&gt;<br />\r\n&gt; 五、keras模型的保存与加载</p>\r\n\r\n<p>前言：<br />\r\n深度学习模型在计算机视觉与语音识别方面取得了卓越的成就，在 NLP 领域也是可以的。将卷积神经网络CNN应用到文本分类任务，利用多个不同size的kernel来提取句子中的关键信息（类似 n-gram 的关键信息），从而能够更好地捕捉局部相关性。</p>\r\n\r\n<p>文本分类是自然语言处理领域最活跃的研究方向之一，目前文本分类在工业界的应用场景非常普遍，从新闻的分类、商品评论信息的情感分类到微博信息打标签辅助推荐系统，了解文本分类技术是NLP初学者比较好的切入点，较简单且应用场景高频。</p>\r\n\r\n<p>一、论文笔记<br />\r\n1、Yoon Kim在2014年 &ldquo;Convolutional Neural Networks for Sentence Classification&rdquo; 论文中提出TextCNN（利用卷积神经网络对文本进行分类的算法）（该论文翻译）。</p>\r\n\r\n<p><img alt=\"\" src=\"https://img-blog.csdnimg.cn/20190326101508877.png?x-oss-process=image/watermark,type_ZmFuZ3poZW5naGVpdGk,shadow_10,text_aHR0cHM6Ly9ibG9nLmNzZG4ubmV0L2FzaWFsZWVfYmlyZA==,size_16,color_FFFFFF,t_70\" style=\"height:329px; width:668px\" /></p>\r\n\r\n<p><img alt=\"\" src=\"https://img-blog.csdnimg.cn/20190326102103235.png?x-oss-process=image/watermark,type_ZmFuZ3poZW5naGVpdGk,shadow_10,text_aHR0cHM6Ly9ibG9nLmNzZG4ubmV0L2FzaWFsZWVfYmlyZA==,size_16,color_FFFFFF,t_70\" style=\"height:556px; width:980px\" /></p>\r\n\r\n<p>上图很好地诠释了模型的框架。假设我们有一些句子需要对其进行分类。句子中每个词是由n维词向量组成的，也就是说输入矩阵大小为m*n，其中m为句子长度。CNN需要对输入样本进行卷积操作，==对于文本数据，filter不再横向滑动，仅仅是向下移动==，有点类似于N-gram在提取词与词间的局部相关性。图中共有三种步长策略，分别是2,3,4，每个步长都有两个filter（实际训练时filter数量会很多）。在不同词窗上应用不同filter，最终得到6个卷积后的向量。然后对每一个向量进行==最大化池化==操作并拼接各个池化值，最终得到这个句子的特征表示，将这个句子向量丢给分类器进行分类，至此完成整个流程。</p>\r\n\r\n<p>（1）嵌入层（Embedding Layer）</p>\r\n\r\n<p>通过一个隐藏层, 将 one-hot 编码的词投影到一个==低维空间==中，本质上是特征提取器，在指定维度中编码语义特征。 这样, 语义相近的词, 它们的欧氏距离或余弦距离也比较近。（作者使用的单词向量是预训练的，方法为fasttext得到的单词向量，当然也可以使用word2vec和GloVe方法训练得到的单词向量）。</p>\r\n\r\n<p>（2）卷积层（Convolution Laye）</p>\r\n\r\n<p>在处理图像数据时，CNN使用的==卷积核的宽度和高度==的一样的，但是在text-CNN中，==卷积核的宽度是与词向量的维度一致==！这是因为我们输入的每一行向量代表一个词，在抽取特征的过程中，==词做为文本的最小粒度==。而高度和CNN一样，可以自行设置（通常取值2,3,4,5），高度就类似于n-gram了。由于我们的输入是一个句子，句子中相邻的词之间关联性很高，因此，当我们用卷积核进行卷积时，不仅考虑了词义而且考虑了词序及其上下文（类似于skip-gram和CBOW模型的思想）。</p>\r\n\r\n<p>（3）池化层（Pooling Layer）</p>\r\n\r\n<p>因为在卷积层过程中我们使用了==不同高度的卷积核==，使得我们通过卷积层后得到的向量维度会不一致，所以在池化层中，我们使用==1-Max-pooling==对每个特征向量池化成一个值，即抽取每个特征向量的最大值表示该特征，而且认为这个最大值表示的是最重要的特征。当我们对所有特征向量进行1-Max-Pooling之后，还需要将每个值给拼接起来。得到池化层最终的特征向量。==在池化层到全连接层之前可以加上dropout防止过拟合==。</p>\r\n\r\n<p>（4）全连接层（Fully connected layer）</p>\r\n\r\n<p>全连接层跟其他模型一样，假设有两层全连接层，第一层可以加上==&rsquo;relu&rsquo;作为激活函数==，第二层则使用==softmax激活函数==得到属于每个类的概率。</p>\r\n\r\n<p>（5）TextCNN的小变种</p>\r\n\r\n<p>在词向量构造方面可以有以下不同的方式： **CNN-rand:** 随机初始化每个单词的词向量通过后续的训练去调整。 **CNN-static:** 使用预先训练好的词向量，如word2vec训练出来的词向量，在训练过程中不再调整该词向量。 **CNN-non-static:** 使用预先训练好的词向量，并在训练过程进一步进行调整。 **CNN-multichannel:** 将static与non-static作为两通道的词向量。</p>\r\n\r\n<p>（6）参数与超参数</p>\r\n\r\n<p>**sequence_length** （Q: 对于CNN, 输入与输出都是固定的，可每个句子长短不一, 怎么处理? A: 需要做定长处理, 比如定为n, 超过的截断, 不足的补0. 注意补充的0对后面的结果没有影响，因为后面的max-pooling只会输出最大值，补零的项会被过滤掉）<br />\r\n**num_classes** （多分类, 分为几类）<br />\r\n**vocabulary_size** （语料库的词典大小, 记为|D|）<br />\r\n**embedding_size** （将词向量的维度, 由原始的 |D| 降维到 embedding_size）<br />\r\n**filter_size_arr** （多个不同size的filter）<br />\r\n2、2015年&ldquo;[A Sensitivity Analysis of (and Practitioners&#39; Guide to) Convolutional Neural Networks for Sentence Classification](https://arxiv.org/abs/1510.03820)&rdquo;论文详细地阐述了关于TextCNN模型的调参心得。</p>\r\n\r\n<p><img alt=\"\" src=\"https://img-blog.csdnimg.cn/20190326141457137.png?x-oss-process=image/watermark,type_ZmFuZ3poZW5naGVpdGk,shadow_10,text_aHR0cHM6Ly9ibG9nLmNzZG4ubmV0L2FzaWFsZWVfYmlyZA==,size_16,color_FFFFFF,t_70\" style=\"height:496px; width:499px\" /></p>\r\n\r\n<p>**（1）TextCNN详细过程：**</p>\r\n\r\n<p>**Embedding：**第一层是图中最左边的7乘5的句子矩阵，每行是词向量，维度=5，这个可以类比为图像中的原始像素点。<br />\r\n**Convolution：**然后经过 kernel_sizes=(2,3,4) 的一维卷积层，每个kernel_size 有两个输出 channel。<br />\r\n**MaxPolling：**第三层是一个1-max pooling层，这样不同长度句子经过pooling层之后都能变成定长的表示。<br />\r\n**FullConnection and Softmax：**最后接一层全连接的 softmax 层，输出每个类别的概率。<br />\r\n（2）论文调参结论：</p>\r\n\r\n<p>使用预训练的word2vec 、 GloVe初始化效果会更好。一般不直接使用One-hot。<br />\r\n卷积核的大小影响较大，一般取1~10，对于句子较长的文本，则应选择大一些。<br />\r\n卷积核的数量也有较大的影响，一般取100~600 ，同时一般使用Dropout（0~0.5）。<br />\r\n激活函数一般选用ReLU 和 tanh。<br />\r\n池化使用1-max pooling。<br />\r\n随着feature map数量增加，性能减少时，试着尝试大于0.5的Dropout。<br />\r\n评估模型性能时，记得使用交叉验证。</p>\r\n\r\n<p>#### 二、Keras文本预处理</p>\r\n\r\n<p>1、读取数据集<br />\r\n2、将文字转换成数字特征<br />\r\n使用Tokenizer将文字转换成数字特征</p>\r\n\r\n<p>使用Keras的Tokenizer模块实现转换。当我们创建了一个Tokenizer对象后，使用该对象的fit_on_texts()函数，可以将输入的文本中的每个词编号，编号是根据词频的，词频越大，编号越小。使用word_index属性可以看到每次词对应的编码。</p>\r\n\r\n<p>3、将每条文本转换为数字列表<br />\r\n将数据集中的每条文本转换为数字列表，使用每个词的编号进行编号</p>\r\n\r\n<p>使用该对象的texts_to_sequences（）函数，将每条文本转变成一个向量。&nbsp;</p>\r\n\r\n<p>4、将每条文本设置为相同长度<br />\r\n使用pad_sequences()让每句数字影评长度相同</p>\r\n\r\n<p>由于每句话的长度不唯一，需要将每句话的长度设置一个固定值。将超过固定值的部分截掉，不足的在最前面用0填充。</p>\r\n\r\n<p>5、将每个词编码转换为词向量<br />\r\n使用Embedding层将每个词编码转换为词向量</p>\r\n\r\n<p>Embedding层基于上文所得的词编码，对每个词进行one-hot编码，每个词都会是一个vocabulary_size维的向量；然后通过神经网络的训练迭代更新得到一个合适的权重矩阵（具体实现过程可以参考skip-gram模型），行大小为vocabulary_size，列大小为词向量的维度，将本来以one-hot编码的词向量映射到低维空间，得到低维词向量。需要声明一点的是Embedding层是作为模型的第一层，在训练模型的同时，得到该语料库的词向量。当然，也可以使用已经预训练好的词向量表示现有语料库中的词。</p>\r\n\r\n<p>文本预处理目的：将每个样本转换为一个数字矩阵，矩阵的每一行表示一个词向量。</p>\r\n', 1, 18, 0, 0, '2021-04-06 20:33:00', '2021-04-06 20:33:00');
INSERT INTO `article` VALUES (18, 'Text Preprocessing的使用', 1, '该类允许使用两种方法向量化一个文本语料库： 将每个文本转化为一个整数序列（每个整数都是词典中标记的索引）； 或者将其转化为一个向量，其中每个标记的系数可以是二进制值、词频、TF-IDF权重等。', '<h2>Text Preprocessing</h2>\r\n\r\n<h3>Tokenizer</h3>\r\n\r\n<pre>\r\n<code class=\"language-python\">keras.preprocessing.text.Tokenizer(num_words=None, \r\n                                    filters=\'!\"#$%&amp;()*+,-./:;&lt;=&gt;?@[\\]^_`{|}~ \', \r\n                                    lower=True, \r\n                                    split=\' \', \r\n                                    char_level=False, \r\n                                    oov_token=None, \r\n                                    document_count=0)</code></pre>\r\n\r\n<p>文本标记实用类。</p>\r\n\r\n<p>该类允许使用两种方法向量化一个文本语料库： 将每个文本转化为一个整数序列（每个整数都是词典中标记的索引）； 或者将其转化为一个向量，其中每个标记的系数可以是二进制值、词频、TF-IDF权重等。</p>\r\n\r\n<p><strong>参数</strong></p>\r\n\r\n<ul>\r\n	<li>\r\n	<p><strong>num_words</strong>: <strong>需要保留的最大词数，基于词频。只有最常出现的 <code>num_words</code> 词会被保留。</strong></p>\r\n	</li>\r\n	<li>\r\n	<p><strong>filters</strong>: 一个字符串，其中每个元素是一个将从文本中过滤掉的字符。默认值是所有标点符号，加上制表符和换行符，减去 <code>&#39;</code> 字符。</p>\r\n	</li>\r\n	<li>\r\n	<p><strong>lower</strong>: 布尔值。是否将文本转换为小写。</p>\r\n	</li>\r\n	<li>\r\n	<p><strong>split</strong>: 字符串。按该字符串切割文本。</p>\r\n	</li>\r\n	<li>\r\n	<p><strong>char_level</strong>: 如果为 True，则每个字符都将被视为标记。</p>\r\n	</li>\r\n	<li>\r\n	<p><strong>oov_token</strong>: 如果给出，它将被添加到 word_index 中，并用于在 <code>text_to_sequence</code> 调用期间替换词汇表外的单词。</p>\r\n	</li>\r\n</ul>\r\n\r\n<p>默认情况下，删除所有标点符号，将文本转换为空格分隔的单词序列（单词可能包含 <code>&#39;</code> 字符）。 这些序列然后被分割成标记列表。然后它们将被索引或向量化。</p>\r\n\r\n<p><code>0</code> 是不会被分配给任何单词的保留索引。</p>\r\n\r\n<hr />\r\n<h3>hashing_trick</h3>\r\n\r\n<pre>\r\n<code class=\"language-python\"> keras.preprocessing.text.hashing_trick(text, n,\r\n                                        hash_function=None, \r\n                                        filters=\'!\"#$%&amp;()*+,-./:;&lt;=&gt;?@[\\]^_`{|}~ \', lower=True, \r\n                                        split=\' \')</code></pre>\r\n\r\n<p>将文本转换为固定大小散列空间中的索引序列。</p>\r\n\r\n<p><strong>参数</strong></p>\r\n\r\n<ul>\r\n	<li>\r\n	<p><strong>text</strong>: 输入文本（字符串）。</p>\r\n	</li>\r\n	<li>\r\n	<p><strong>n</strong>: 散列空间维度。</p>\r\n	</li>\r\n	<li>\r\n	<p><strong>hash_function</strong>: 默认为 python 散列函数，可以是 &#39;md5&#39; 或任意接受输入字符串并返回整数的函数。注意 &#39;hash&#39; 不是稳定的散列函数，所以它在不同的运行中不一致，而 &#39;md5&#39; 是一个稳定的散列函数。</p>\r\n	</li>\r\n	<li>\r\n	<p><strong>filters</strong>: 要过滤的字符列表（或连接），如标点符号。默认：<code>!&quot;#$%&amp;()*+,-./:;&lt;=&gt;?@[\\]^_{|}~</code>，包含基本标点符号，制表符和换行符。</p>\r\n	</li>\r\n	<li>\r\n	<p><strong>lower</strong>: 布尔值。是否将文本转换为小写。</p>\r\n	</li>\r\n	<li>\r\n	<p><strong>split</strong>: 字符串。按该字符串切割文本。</p>\r\n	</li>\r\n</ul>\r\n\r\n<p><strong>返回</strong></p>\r\n\r\n<p>整数词索引列表（<strong>唯一性无法保证</strong>）。</p>\r\n\r\n<p><code>0</code> 是不会被分配给任何单词的保留索引。</p>\r\n\r\n<p>由于哈希函数可能发生冲突，可能会将两个或更多字分配给同一索引。 碰撞的<a href=\"https://en.wikipedia.org/wiki/Birthday_problem#Probability_table\">概率</a>与散列空间的维度和不同对象的数量有关。</p>\r\n\r\n<hr />\r\n<h3>one_hot</h3>\r\n\r\n<pre>\r\n<code class=\"language-python\"> keras.preprocessing.text.one_hot(text, n, \r\n                                  filters=\'!\"#$%&amp;()*+,-./:;&lt;=&gt;?@[\\]^_`{|}~\', \r\n                                  lower=True, \r\n                                  split=\' \')</code></pre>\r\n\r\n<p>One-hot 将文本编码为大小为 n 的单词索引列表。</p>\r\n\r\n<p>这是 <code>hashing_trick</code> 函数的一个封装， 使用 <code>hash</code> 作为散列函数；单词索引映射无保证唯一性。</p>\r\n\r\n<p><strong>参数</strong></p>\r\n\r\n<ul>\r\n	<li>\r\n	<p><strong>text</strong>: 输入文本（字符串）。</p>\r\n	</li>\r\n	<li>\r\n	<p><strong>n</strong>: 整数。词汇表尺寸。</p>\r\n	</li>\r\n	<li>\r\n	<p><strong>filters</strong>: 要过滤的字符列表（或连接），如标点符号。默认：<code>!&quot;#$%&amp;()*+,-./:;&lt;=&gt;?@[\\]^_{|}~</code>，包含基本标点符号，制表符和换行符。</p>\r\n	</li>\r\n	<li>\r\n	<p><strong>lower</strong>: 布尔值。是否将文本转换为小写。</p>\r\n	</li>\r\n	<li>\r\n	<p><strong>split</strong>: 字符串。按该字符串切割文本。</p>\r\n	</li>\r\n</ul>\r\n\r\n<p><strong>返回</strong></p>\r\n\r\n<p>[1, n] 之间的整数列表。每个整数编码一个词（<strong>唯一性无法保证</strong>）。</p>\r\n\r\n<hr />\r\n<h3>text_to_word_sequence</h3>\r\n\r\n<pre>\r\n<code class=\"language-python\"> keras.preprocessing.text.text_to_word_sequence(text, \r\n                                                filters=\'!\"#$%&amp;()*+,-./:;&lt;=&gt;?@[\\]^_`{|}~ \', \r\n                                                lower=True, \r\n                                                split=\' \')</code></pre>\r\n\r\n<p>将文本转换为单词（或标记）的序列。</p>\r\n\r\n<p><strong>参数</strong></p>\r\n\r\n<ul>\r\n	<li>\r\n	<p><strong>text</strong>: 输入文本（字符串）。</p>\r\n	</li>\r\n	<li>\r\n	<p><strong>filters</strong>: 要过滤的字符列表（或连接），如标点符号。默认：<code>!&quot;#$%&amp;()*+,-./:;&lt;=&gt;?@[\\]^_{|}~</code>，包含基本标点符号，制表符和换行符。</p>\r\n	</li>\r\n	<li>\r\n	<p><strong>lower</strong>: 布尔值。是否将文本转换为小写。</p>\r\n	</li>\r\n	<li>\r\n	<p><strong>split</strong>: 字符串。按该字符串切割文本。</p>\r\n	</li>\r\n</ul>\r\n\r\n<p><strong>返回</strong></p>\r\n\r\n<p>词或标记的列表。</p>\r\n', 1, 20, 0, 0, '2021-04-08 14:04:57', '2021-04-08 14:04:57');
INSERT INTO `article` VALUES (19, 'NLP笔记--keras文本数据预处理', 1, '在把数据喂入模型前，我们必须要把文本处理成计算机认识的数据。所以文本的预处理是必不可少的，也是固定流程；keras处理数据、搭建模型都是相对简单的，一般只需要Tokenizer、pad_sequences。本文将介绍keras对文本进行预处理的流程，并举出实例来探究其中详细过程。', '<h1>NLP笔记--keras文本数据预处理</h1>\r\n\r\n<h2>NLP笔记&ndash;keras文本数据预处理</h2>\r\n\r\n<h3>前言</h3>\r\n\r\n<p>在把数据喂入模型前，我们必须要把文本处理成计算机认识的数据。所以文本的预处理是必不可少的，也是固定流程；keras处理数据、搭建模型都是相对简单的，一般只需要Tokenizer、pad_sequences。本文将介绍keras对文本进行预处理的流程，并举出实例来探究其中详细过程。</p>\r\n\r\n<p>数据 本文实验数据来源于苏剑林收集分享的两万多条中文标注语料，涉及六个领域的评论数据。分为neg、pos两个excel文件。由于本文只介绍文本预处理流程，所以在这里只使用了neg数据（且只使用了前500条）。部分数据如下：</p>\r\n\r\n<p><img src=\"https://img-blog.csdnimg.cn/20190826212032308.png?x-oss-process=image/watermark,type_ZmFuZ3poZW5naGVpdGk,shadow_10,text_aHR0cHM6Ly9ibG9nLmNzZG4ubmV0L3dlaXhpbl80MjI1OTE5Mg==,size_3,color_FFFFFF,t_70\" /></p>\r\n\r\n<h3>预处理流程</h3>\r\n\r\n<p>1.数据读入</p>\r\n\r\n<p>根据数据特点，进行读入</p>\r\n\r\n<pre>\r\n<code class=\"language-python\"> data = pd.read_excel(input_path, names=[\'data\'])\r\n data = data.iloc[:500]     #只使用了前500条数据</code></pre>\r\n\r\n<p>2.分词处理</p>\r\n\r\n<p>中文数据需要分词处理，分词后才可以进行下一步处理</p>\r\n\r\n<pre>\r\n<code class=\"language-python\"> def cut_word(sentence):\r\n     sentence_ = jieba.cut(sentence)\r\n     result = \' \'.join(list(sentence_))\r\n     return result\r\n data[\'cut_result\'] = data[\'data\'].apply(cut_word)</code></pre>\r\n\r\n<h3>3.Tokenizer</h3>\r\n\r\n<p>Tokenizer是一个用于向量化文本，或将文本转换为序列（即单词在字典中的下标构成的列表，从1算起）的类。<a href=\"https://keras-cn.readthedocs.io/en/latest/preprocessing/text/\">官方文档</a>有详细解释。</p>\r\n\r\n<blockquote>\r\n<p>keras.preprocessing.text.Tokenizer(num_words=None, filters=&rsquo;!&quot;#$%&amp;()*+,-./:;&lt;=&gt;?@[]^_`{|}~\\t\\n&rsquo;, lower=True, split=&quot; &quot;, char_level=False)</p>\r\n</blockquote>\r\n\r\n<p>对分词后的数据进行处理，代码很简单，直接使用其中的类方法fit_on_texts(texts)即可，对文本进行训练。</p>\r\n\r\n<pre>\r\n<code class=\"language-python\"> tokenizer = Tokenizer()\r\n tokenizer.fit_on_texts(data[\'cut_result\'])\r\n ​\r\n vocab = tokenizer.word_index    #训练后得到的字典  </code></pre>\r\n\r\n<p>在训练后，我们可以查看得到的字典。 在官方文档中，word_index: 字典，将单词（字符串）映射为它们的排名或者索引。仅在调用fit_on_texts之后设置。如下图，字典中key和所对应的value。</p>\r\n\r\n<p><img src=\"https://img-blog.csdnimg.cn/20190826214135343.png?x-oss-process=image/watermark,type_ZmFuZ3poZW5naGVpdGk,shadow_10,text_aHR0cHM6Ly9ibG9nLmNzZG4ubmV0L3dlaXhpbl80MjI1OTE5Mg==,size_16,color_FFFFFF,t_70\" /></p>\r\n\r\n<p>之后进行texts_to_sequences(texts)，将文本列表转换为序列的列表，列表中每个序列对应于一段输入文本。</p>\r\n\r\n<pre>\r\n<code class=\"language-python\"> data_processing = tokenizer.texts_to_sequences(data[\'cut_result\'])</code></pre>\r\n\r\n<p>转换后的内容如下，</p>\r\n\r\n<p><img src=\"https://img-blog.csdnimg.cn/20190826215917871.png?x-oss-process=image/watermark,type_ZmFuZ3poZW5naGVpdGk,shadow_10,text_aHR0cHM6Ly9ibG9nLmNzZG4ubmV0L3dlaXhpbl80MjI1OTE5Mg==,size_16,color_FFFFFF,t_70\" /></p>\r\n\r\n<p>4.pad_sequences</p>\r\n\r\n<p>pad_sequences将长为nb_samples的序列（标量序列）转化为形如(nb_samples,nb_timesteps)2D numpy array。官方文档 实际上，pad_sequences就是将上面序列列表不足maxlen的文本补0，超过maxlen的进行截断。</p>\r\n\r\n<blockquote>\r\n<p>keras.preprocessing.sequence.pad_sequences(sequences, maxlen=None, dtype=&lsquo;int32&rsquo;, padding=&lsquo;pre&rsquo;, truncating=&lsquo;pre&rsquo;, value=0.)</p>\r\n</blockquote>\r\n\r\n<pre>\r\n&nbsp;sentence_result = pad_sequences(data_processing, maxlen = 200, padding=&#39;post&#39;) &nbsp; &nbsp;#取200覆盖百分之95</pre>\r\n\r\n<p>在这里maxlen长度的选取是根据句子长度的统计值来选取，一般情况下，选取的maxlen能够覆盖所有句子的百分之95即，统计代码如下。</p>\r\n\r\n<pre>\r\n<code class=\"language-python\"> def sent_count(x):                #统计句子长度\r\n     length = []\r\n     for i in range(len(x)):\r\n         length.append(len(x[i]))\r\n         \r\n     min_ = sorted(length)[0]\r\n     max_ = sorted(length)[len(x)-1]\r\n     ave = math.ceil(reduce(lambda x,y:x+y,length)/len(x))\r\n     \r\n     return length, min_, max_,ave</code></pre>\r\n\r\n<p>pad_sequences后的结果如下图，</p>\r\n\r\n<p><img src=\"https://img-blog.csdnimg.cn/20190826221057855.png?x-oss-process=image/watermark,type_ZmFuZ3poZW5naGVpdGk,shadow_10,text_aHR0cHM6Ly9ibG9nLmNzZG4ubmV0L3dlaXhpbl80MjI1OTE5Mg==,size_16,color_FFFFFF,t_70\" /></p>\r\n\r\n<p>到这里，文本数据预处理的过程基本完成，从最初的文本转化为处理好的矩阵结果，之后便可以将其喂入搭建好的模型。</p>\r\n\r\n<h3>完整代码</h3>\r\n\r\n<pre>\r\n<code class=\"language-python\"> import pandas as pd\r\n import jieba\r\n import math\r\n from keras.preprocessing.text import Tokenizer\r\n from keras.preprocessing.sequence import pad_sequences\r\n from functools import reduce\r\n from keras.layers import Embedding, Dense, Flatten, Input\r\n from keras.models import Model\r\n ​\r\n data = pd.read_excel(\'input_path\', names=[\'data\'])\r\n data = data.iloc[:500]\r\n ​\r\n def cut_word(sentence):\r\n     sentence_ = jieba.cut(sentence)\r\n     result = \' \'.join(list(sentence_))\r\n     return result\r\n ​\r\n def sent_count(x):                #统计句子长度\r\n     length = []\r\n     for i in range(len(x)):\r\n         length.append(len(x[i]))\r\n         \r\n     min_ = sorted(length)[0]\r\n     max_ = sorted(length)[len(x)-1]\r\n     ave = math.ceil(reduce(lambda x,y:x+y,length)/len(x))\r\n     return length, min_, max_,ave\r\n     \r\n ​\r\n data[\'cut_result\'] = data[\'data\'].apply(cut_word)           #分词\r\n sent_length,min_,max_,ave = sent_count(data[\'cut_result\'])  #统计句子长度 \r\n ​\r\n tokenizer = Tokenizer()\r\n tokenizer.fit_on_texts(data[\'cut_result\'])\r\n vocab = tokenizer.word_index    #训练后得到的字典\r\n ​\r\n data_processing = tokenizer.texts_to_sequences(data[\'cut_result\'])\r\n sentence_result = pad_sequences(data_processing, maxlen = 200, padding=\'post\')    #取maxlen覆盖百分之95\r\n ​\r\n #进入模型\r\n sentence_input =  Input(shape=(200,), name=\'sentence_input\')\r\n emd = Embedding(output_dim=50, input_dim=len(vocab)+1, input_length=200)(sentence_input)</code></pre>\r\n\r\n<p>&nbsp;</p>\r\n', 1, 21, 0, 0, '2021-04-08 14:06:46', '2021-04-08 14:10:07');
INSERT INTO `article` VALUES (20, 'numpy.random.randn()用法', 1, '在python数据分析的学习和应用过程中，经常需要用到numpy的随机函数，由于随机函数random的功能比较多，经常会混淆或记不住，下面我们一起来汇总学习下。', '<h1>numpy.random.randn()用法</h1>\r\n\r\n<p>在python数据分析的学习和应用过程中，经常需要用到numpy的随机函数，由于随机函数random的功能比较多，经常会混淆或记不住，下面我们一起来汇总学习下。</p>\r\n\r\n<pre>\r\n&nbsp;import numpy as np</pre>\r\n\r\n<h1>1 numpy.random.rand()</h1>\r\n\r\n<p>numpy.random.rand(d0,d1,&hellip;,dn)</p>\r\n\r\n<ul>\r\n	<li>\r\n	<p><strong>rand函数根据给定维度生成[0,1)之间的数据，包含0，不包含1</strong></p>\r\n	</li>\r\n	<li>\r\n	<p>dn表格每个维度</p>\r\n	</li>\r\n	<li>\r\n	<p>返回值为指定维度的array</p>\r\n	</li>\r\n</ul>\r\n\r\n<pre>\r\n<code class=\"language-python\"> np.random.rand(4,2)\r\n array([[ 0.02173903,  0.44376568],\r\n        [ 0.25309942,  0.85259262],\r\n        [ 0.56465709,  0.95135013],\r\n        [ 0.14145746,  0.55389458]])\r\n ​\r\n ​\r\n np.random.rand(4,3,2) # shape: 4*3*2\r\n array([[[ 0.08256277,  0.11408276],\r\n         [ 0.11182496,  0.51452019],\r\n         [ 0.09731856,  0.18279204]],\r\n        [[ 0.74637005,  0.76065562],\r\n         [ 0.32060311,  0.69410458],\r\n         [ 0.28890543,  0.68532579]],\r\n        [[ 0.72110169,  0.52517524],\r\n         [ 0.32876607,  0.66632414],\r\n         [ 0.45762399,  0.49176764]],\r\n        [[ 0.73886671,  0.81877121],\r\n         [ 0.03984658,  0.99454548],\r\n         [ 0.18205926,  0.99637823]]])</code></pre>\r\n\r\n<h1>2 numpy.random.randn()</h1>\r\n\r\n<p>numpy.random.randn(d0,d1,&hellip;,dn)</p>\r\n\r\n<ul>\r\n	<li>\r\n	<p><strong>randn函数返回一个或一组样本，具有标准正态分布。</strong></p>\r\n	</li>\r\n	<li>\r\n	<p>dn表格每个维度</p>\r\n	</li>\r\n	<li>\r\n	<p>返回值为指定维度的array</p>\r\n	</li>\r\n</ul>\r\n\r\n<pre>\r\n&nbsp;</pre>\r\n\r\n<pre>\r\n<code class=\"language-python\"> np.random.randn() # 当没有参数时，返回单个数据\r\n -1.1241580894939212\r\n np.random.randn(2,4)\r\n array([[ 0.27795239, -2.57882503,  0.3817649 ,  1.42367345],\r\n        [-1.16724625, -0.22408299,  0.63006614, -0.41714538]])\r\n ​\r\n ​\r\n np.random.randn(4,3,2)\r\n array([[[ 1.27820764,  0.92479163],\r\n         [-0.15151257,  1.3428253 ],\r\n         [-1.30948998,  0.15493686]],\r\n        [[-1.49645411, -0.27724089],\r\n         [ 0.71590275,  0.81377671],\r\n         [-0.71833341,  1.61637676]],\r\n        [[ 0.52486563, -1.7345101 ],\r\n         [ 1.24456943, -0.10902915],\r\n         [ 1.27292735, -0.00926068]],\r\n        [[ 0.88303   ,  0.46116413],\r\n         [ 0.13305507,  2.44968809],\r\n         [-0.73132153, -0.88586716]]])</code></pre>\r\n\r\n<p>标准正态分布介绍</p>\r\n\r\n<ul>\r\n	<li>\r\n	<p>标准正态分布&mdash;-standard normal distribution</p>\r\n	</li>\r\n	<li>\r\n	<p>标准正态分布又称为u分布，是以0为均值、以1为标准差的正态分布，记为N（0，1）。</p>\r\n	</li>\r\n</ul>\r\n\r\n<h1>3 numpy.random.randint()</h1>\r\n\r\n<h2>3.1 numpy.random.randint()</h2>\r\n\r\n<p>numpy.random.randint(low, high=None, size=None, dtype=&rsquo;l&rsquo;)</p>\r\n\r\n<ul>\r\n	<li>\r\n	<p><strong>返回随机整数，范围区间为[low,high），包含low，不包含high</strong></p>\r\n	</li>\r\n	<li>\r\n	<p>参数：low为最小值，high为最大值，size为数组维度大小，dtype为数据类型，默认的数据类型是np.int</p>\r\n	</li>\r\n	<li>\r\n	<p>high没有填写时，默认生成随机数的范围是[0，low)</p>\r\n	</li>\r\n</ul>\r\n\r\n<pre>\r\n<code class=\"language-python\"> np.random.randint(1,size=5) # 返回[0,1)之间的整数，所以只有0\r\n array([0, 0, 0, 0, 0])\r\n ​\r\n ​\r\n np.random.randint(1,5) # 返回1个[1,5)时间的随机整数\r\n 4\r\n ​\r\n ​\r\n np.random.randint(-5,5,size=(2,2))\r\n array([[ 2, -1],\r\n        [ 2,  0]])</code></pre>\r\n\r\n<h2>3.2 numpy.random.random_integers</h2>\r\n\r\n<p>numpy.random.random_integers(low, high=None, size=None)</p>\r\n\r\n<ul>\r\n	<li>\r\n	<p><strong>返回随机整数，范围区间为[low,high]，包含low和high</strong></p>\r\n	</li>\r\n	<li>\r\n	<p>参数：low为最小值，high为最大值，size为数组维度大小</p>\r\n	</li>\r\n	<li>\r\n	<p><strong>high没有填写时，默认生成随机数的范围是[1，low]</strong></p>\r\n	</li>\r\n</ul>\r\n\r\n<p>该函数在最新的numpy版本中已被替代，建议使用randint函数</p>\r\n\r\n<pre>\r\n<code class=\"language-python\"> np.random.random_integers(1,size=5)\r\n array([1, 1, 1, 1, 1])</code></pre>\r\n\r\n<h1>4 生成[0,1)之间的浮点数</h1>\r\n\r\n<ul>\r\n	<li>\r\n	<p>numpy.random.random_sample(size=None)</p>\r\n	</li>\r\n	<li>\r\n	<p>numpy.random.random(size=None)</p>\r\n	</li>\r\n	<li>\r\n	<p>numpy.random.ranf(size=None)</p>\r\n	</li>\r\n	<li>\r\n	<p>numpy.random.sample(size=None)</p>\r\n	</li>\r\n</ul>\r\n\r\n<pre>\r\n<code class=\"language-python\"> print(\'-----------random_sample--------------\')\r\n print(np.random.random_sample(size=(2,2)))\r\n ​\r\n print(\'-----------random--------------\')\r\n print(np.random.random(size=(2,2)))\r\n ​\r\n print(\'-----------ranf--------------\')\r\n print(np.random.ranf(size=(2,2)))\r\n ​\r\n print(\'-----------sample--------------\')\r\n print(np.random.sample(size=(2,2)))\r\n -----------random_sample--------------\r\n ​\r\n ​\r\n ​\r\n [[ 0.34966859  0.85655008]\r\n  [ 0.16045328  0.87908218]]\r\n ​\r\n -----------random--------------\r\n ​\r\n [[ 0.25303772  0.45417512]\r\n  [ 0.76053763  0.12454433]]\r\n ​\r\n -----------ranf--------------\r\n ​\r\n [[ 0.0379055   0.51288667]\r\n  [ 0.71819639  0.97292903]]\r\n ​\r\n -----------sample--------------\r\n ​\r\n [[ 0.59942807  0.80211491]\r\n  [ 0.36233939  0.12607092]]</code></pre>\r\n\r\n<h1>5 numpy.random.choice()</h1>\r\n\r\n<p>numpy.random.choice(a, size=None, replace=True, p=None)</p>\r\n\r\n<ul>\r\n	<li>\r\n	<p><strong>从给定的一维数组中生成随机数</strong></p>\r\n	</li>\r\n	<li>\r\n	<p><strong>参数： a为一维数组类似数据或整数；size为数组维度；p为数组中的数据出现的概率</strong></p>\r\n	</li>\r\n	<li>\r\n	<p><strong>a为整数时，对应的一维数组为np.arange(a)</strong></p>\r\n	</li>\r\n</ul>\r\n\r\n<pre>\r\n<code class=\"language-python\"> np.random.choice(5,3)\r\n array([4, 1, 4])\r\n ​\r\n ​\r\n np.random.choice(5, 3, replace=False)\r\n # 当replace为False时，生成的随机数不能有重复的数值\r\n array([0, 3, 1])\r\n ​\r\n ​\r\n np.random.choice(5,size=(3,2))\r\n array([[1, 0],\r\n        [4, 2],\r\n        [3, 3]])\r\n ​\r\n ​\r\n demo_list = [\'lenovo\', \'sansumg\',\'moto\',\'xiaomi\', \'iphone\']\r\n np.random.choice(demo_list,size=(3,3))\r\n array([[\'moto\', \'iphone\', \'xiaomi\'],\r\n        [\'lenovo\', \'xiaomi\', \'xiaomi\'],\r\n        [\'xiaomi\', \'lenovo\', \'iphone\']],\r\n       dtype=\'&lt;U7\')</code></pre>\r\n\r\n<ul>\r\n	<li>\r\n	<p>参数p的长度与参数a的长度需要一致；</p>\r\n	</li>\r\n	<li>\r\n	<p>参数p为概率，p里的数据之和应为1</p>\r\n	</li>\r\n</ul>\r\n\r\n<pre>\r\n<code class=\"language-python\"> demo_list = [\'lenovo\', \'sansumg\',\'moto\',\'xiaomi\', \'iphone\']\r\n ​\r\n np.random.choice(demo_list,size=(3,3), p=[0.1,0.6,0.1,0.1,0.1])\r\n array([[\'sansumg\', \'sansumg\', \'sansumg\'],\r\n        [\'sansumg\', \'sansumg\', \'sansumg\'],\r\n        [\'sansumg\', \'xiaomi\', \'iphone\']],\r\n       dtype=\'&lt;U7\')</code></pre>\r\n\r\n<h1>6 numpy.random.seed()</h1>\r\n\r\n<ul>\r\n	<li>\r\n	<p><strong>np.random.seed()的作用：使得随机数据可预测。</strong></p>\r\n	</li>\r\n	<li>\r\n	<p><strong>当我们设置相同的seed，每次生成的随机数相同</strong>。如果不设置seed，则每次会生成不同的随机数</p>\r\n	</li>\r\n</ul>\r\n\r\n<pre>\r\n<code class=\"language-python\"> np.random.seed(0)\r\n np.random.rand(5)\r\n array([ 0.5488135 ,  0.71518937,  0.60276338,  0.54488318,  0.4236548 ])\r\n ​\r\n ​\r\n ​\r\n np.random.seed(1676)\r\n np.random.rand(5)\r\n array([ 0.39983389,  0.29426895,  0.89541728,  0.71807369,  0.3531823 ])\r\n ​\r\n ​\r\n ​\r\n np.random.seed(1676)\r\n np.random.rand(5)\r\n array([ 0.39983389,  0.29426895,  0.89541728,  0.71807369,  0.3531823 ])    </code></pre>\r\n\r\n<p>&nbsp;</p>\r\n', 1, 22, 0, 0, '2021-04-08 14:13:46', '2021-04-08 14:13:46');
INSERT INTO `article` VALUES (21, 'unittest详解（一） unittest初识', 1, 'unittest是python内置的一个单元测试框架，在学习怎么使用它之前，我们先来了解它的一些概念和原理。中建立数据库连接以及进行一些初始化，在tearDown()中清除在数据库中产生的数据，然后关闭连接。注意tearDown的过程很重要，要为以后的TestCase留下一个干净的环境。', '<h2>unittest详解（一） unittest初识</h2>\r\n\r\n<p>unittest是python内置的一个单元测试框架，在学习怎么使用它之前，我们先来了解它的一些概念和原理。</p>\r\n\r\n<ul>\r\n	<li>\r\n	<p><strong>Test Case：</strong>测试用例，一个TestCase的实例就是一个测试用例。什么是测试用例呢？就是<strong>一个完整的测试流程</strong>，<strong>包括测试前准备环境的搭建(setUp)，执行测试代码(run)，以及测试后环境的还原(tearDown)</strong>。单元测试(unit test)的本质也就在这里，一个测试用例是一个完整的测试单元，通过运行这个测试单元，可以对某一个问题进行验证。</p>\r\n	</li>\r\n	<li>\r\n	<p><strong>Test Suite：</strong>测试套件，就是多个测试用例集合在一起</p>\r\n	</li>\r\n	<li>\r\n	<p><strong>Test Runner：</strong>测试执行，用来执行测试用例，其中的run(test)会执行TestSuite/TestCase</p>\r\n	</li>\r\n	<li>\r\n	<p><strong>Test Fixture：对一个测试用例环境的搭建和销毁，是一个fixture，通过覆盖TestCase的setUp()和tearDown()方法来实现</strong>。这个有什么用呢？比如说在这个测试用例中需要访问数据库，那么可以在setUp()中建立数据库连接以及进行一些初始化，在tearDown()中清除在数据库中产生的数据，然后关闭连接。注意tearDown的过程很重要，要为以后的TestCase留下一个干净的环境。</p>\r\n	</li>\r\n</ul>\r\n\r\n<p>了解了概念后，我们来看一个登陆的测试脚本。</p>\r\n\r\n<p>代码：</p>\r\n\r\n<pre>\r\n<code class=\"language-python\"> # coding = utf-8\r\n import unittest\r\n import warnings\r\n from selenium import webdriver\r\n from time import sleep\r\n # 驱动文件路径\r\n driverfile_path = r\'D:\\coship\\Test_Framework\\drivers\\IEDriverServer.exe\'\r\n ​\r\n class CmsLoginTest(unittest.TestCase):\r\n     def setUp(self):\r\n         # 这行代码的作用是忽略一些告警打印\r\n         warnings.simplefilter(\"ignore\", ResourceWarning)\r\n         print(\"test start!\")\r\n         self.driver = webdriver.Ie(executable_path=driverfile_path)\r\n         self.driver.get(\"http://172.21.13.83:28080/\")\r\n ​\r\n     def tearDown(self):\r\n         self.driver.quit()\r\n         print(\"test end!\")\r\n ​\r\n     def test_login1(self):\r\n         \'\'\'用户名、密码为空\'\'\'\r\n         self.driver.find_element_by_css_selector(\"#imageField\").click()\r\n         error_message1 = self.driver.find_element_by_css_selector(\"[for=\'loginName\']\").text\r\n         error_message2 = self.driver.find_element_by_css_selector(\"[for=\'textfield\']\").text\r\n         self.assertEqual(error_message1, \'用户名不能为空\')\r\n         self.assertEqual(error_message2, \'密码不能为空\')\r\n         print(\"用例test_login1执行结束\")\r\n ​\r\n     def test_login3(self):\r\n         \'\'\'用户名、密码正确\'\'\'\r\n         self.driver.find_element_by_css_selector(\"[name=\'admin.loginName\']\").send_keys(\"autotest\")\r\n         self.driver.find_element_by_css_selector(\"[name=\'admin.password\']\").send_keys(\"111111\")\r\n         self.driver.find_element_by_css_selector(\"#imageField\").click()\r\n         sleep(1)\r\n         self.driver.switch_to.frame(\"topFrame\")\r\n         username = self.driver.find_element_by_css_selector(\"#nav_top&gt;ul&gt;li&gt;a\").text\r\n         self.assertEqual(username,\"autotest\")\r\n         print(\"用例test_login3执行结束\")\r\n ​\r\n     def test_login2(self):\r\n         \'\'\'用户名正确，密码错误\'\'\'\r\n         self.driver.find_element_by_css_selector(\"[name=\'admin.loginName\']\").send_keys(\"autotest\")\r\n         self.driver.find_element_by_css_selector(\"[name=\'admin.password\']\").send_keys(\"123456\")\r\n         self.driver.find_element_by_css_selector(\"#imageField\").click()\r\n         error_message = self.driver.find_element_by_css_selector(\".errorMessage\").text\r\n         self.assertEqual(error_message, \'密码错误,请重新输入!\')\r\n         print(\"用例test_login2执行结束\")\r\n ​\r\n     def login4(self):\r\n         \'\'\'用户名不存在\'\'\'\r\n         self.driver.find_element_by_css_selector(\"[name=\'admin.loginName\']\").send_keys(\"test007\")\r\n         self.driver.find_element_by_css_selector(\"[name=\'admin.password\']\").send_keys(\"123456\")\r\n         self.driver.find_element_by_css_selector(\"#imageField\").click()\r\n         error_message = self.driver.find_element_by_css_selector(\".errorMessage\").text\r\n         self.assertEqual(error_message, \'用户不存在!\')\r\n         print(\"用例login4执行结束\")\r\n ​\r\n ​\r\n if __name__ == \"__main__\":\r\n     unittest.main()</code></pre>\r\n\r\n<p>执行结果：</p>\r\n\r\n<pre>\r\n<code class=\"language-python\"> \"C:\\Program Files\\Python36\\python.exe\" D:/Git/Test_Framework/utils/1.py\r\n test start!\r\n 用例test_login1执行结束\r\n .test end!\r\n test start!\r\n 用例test_login2执行结束\r\n .test end!\r\n test start!\r\n 用例test_login3执行结束\r\n test end!\r\n .\r\n ----------------------------------------------------------------------\r\n Ran 3 tests in 34.044s\r\n ​\r\n OK\r\n ​\r\n Process finished with exit code 0</code></pre>\r\n\r\n<p>从脚本和运行结果我们可以得到以下结论：</p>\r\n\r\n<ul>\r\n	<li>\r\n	<p>要使用unittest这个测试框架时，需要先导入unittest</p>\r\n	</li>\r\n	<li>\r\n	<p><strong>定义一个测试类时，要继承unittest.TestCase这个类</strong></p>\r\n	</li>\r\n	<li>\r\n	<p>setUp()是测试用例执行前的环境准备，tearDown()是测试用例执行结束后的环境恢复，<strong>每个测试用例都会执行一次setUp()和tearDown()</strong></p>\r\n	</li>\r\n	<li>\r\n	<p><strong>测试用例必须以test开头，否则不会被执行</strong>。</p>\r\n	</li>\r\n	<li>\r\n	<p>测试用例执行顺序是根据用例名称顺序来执行的</p>\r\n	</li>\r\n</ul>\r\n', 2, 23, 0, 0, '2021-04-08 14:32:22', '2021-04-08 20:12:00');
INSERT INTO `article` VALUES (22, 'unittest详解（二） 跳过用例的执行(skip)', 1, '在执行测试用例时，有时候有些用例是不需要执行的，那我们怎么办呢？难道删除这些用例？那下次执行时如果又需要执行这些用例时，又把它补回来？这样操作就太麻烦了。', '<h2>unittest详解（二） 跳过用例的执行(skip)</h2>\r\n\r\n<p>在执行测试用例时，有时候有些用例是不需要执行的，那我们怎么办呢？难道删除这些用例？那下次执行时如果又需要执行这些用例时，又把它补回来？这样操作就太麻烦了。</p>\r\n\r\n<p>unittest提供了一些<strong>跳过指定用例</strong>的方法</p>\r\n\r\n<ul>\r\n	<li>\r\n	<p><strong>@unittest.skip(reason)：强制跳转</strong>。reason是跳转原因</p>\r\n	</li>\r\n	<li>\r\n	<p><strong>@unittest.skipIf(condition, reason)：condition为True的时候跳转</strong></p>\r\n	</li>\r\n	<li>\r\n	<p><strong>@unittest.skipUnless(condition, reason)：condition为False的时候跳转</strong></p>\r\n	</li>\r\n	<li>\r\n	<p><strong>@unittest.expectedFailure：如果test失败了，这个test不计入失败的case数目</strong></p>\r\n	</li>\r\n</ul>\r\n\r\n<pre>\r\n<code class=\"language-python\"> # coding = utf-8\r\n import unittest\r\n import warnings\r\n from selenium import webdriver\r\n from time import sleep\r\n # 驱动文件路径\r\n driverfile_path = r\'D:\\coship\\Test_Framework\\drivers\\IEDriverServer.exe\'\r\n ​\r\n class CmsLoginTest(unittest.TestCase):\r\n     def setUp(self):\r\n         # 这行代码的作用是忽略一些告警打印\r\n         warnings.simplefilter(\"ignore\", ResourceWarning)\r\n         self.driver = webdriver.Ie(executable_path=driverfile_path)\r\n         self.driver.get(\"http://172.21.13.83:28080/\")\r\n ​\r\n     def tearDown(self):\r\n         self.driver.quit()\r\n ​\r\n     @unittest.skip(\"用户名密码都为空用例不执行\")\r\n     def test_login1(self):\r\n         \'\'\'用户名、密码为空\'\'\'\r\n         self.driver.find_element_by_css_selector(\"#imageField\").click()\r\n         error_message1 = self.driver.find_element_by_css_selector(\"[for=\'loginName\']\").text\r\n         error_message2 = self.driver.find_element_by_css_selector(\"[for=\'textfield\']\").text\r\n         self.assertEqual(error_message1, \'用户名不能为空\')\r\n         self.assertEqual(error_message2, \'密码不能为空\')\r\n ​\r\n     @unittest.skipIf(3 &gt; 2, \"3大于2，此用例不执行\")\r\n     def test_login3(self):\r\n         \'\'\'用户名、密码正确\'\'\'\r\n         self.driver.find_element_by_css_selector(\"[name=\'admin.loginName\']\").send_keys(\"autotest\")\r\n         self.driver.find_element_by_css_selector(\"[name=\'admin.password\']\").send_keys(\"111111\")\r\n         self.driver.find_element_by_css_selector(\"#imageField\").click()\r\n         sleep(1)\r\n         self.driver.switch_to.frame(\"topFrame\")\r\n         username = self.driver.find_element_by_css_selector(\"#nav_top&gt;ul&gt;li&gt;a\").text\r\n         self.assertEqual(username,\"autotest\")\r\n ​\r\n     @unittest.skipUnless(3 &lt; 2,\"2没有大于3，此用例不执行\")\r\n     def test_login2(self):\r\n         \'\'\'用户名正确，密码错误\'\'\'\r\n         self.driver.find_element_by_css_selector(\"[name=\'admin.loginName\']\").send_keys(\"autotest\")\r\n         self.driver.find_element_by_css_selector(\"[name=\'admin.password\']\").send_keys(\"123456\")\r\n         self.driver.find_element_by_css_selector(\"#imageField\").click()\r\n         error_message = self.driver.find_element_by_css_selector(\".errorMessage\").text\r\n         self.assertEqual(error_message, \'密码错误,请重新输入!\')\r\n ​\r\n     @unittest.expectedFailure\r\n     def test_login4(self):\r\n         \'\'\'用户名不存在\'\'\'\r\n         self.driver.find_element_by_css_selector(\"[name=\'admin.loginName\']\").send_keys(\"test007\")\r\n         self.driver.find_element_by_css_selector(\"[name=\'admin.password\']\").send_keys(\"123456\")\r\n         self.driver.find_element_by_css_selector(\"#imageField\").click()\r\n         error_message = self.driver.find_element_by_css_selector(\".errorMessage\").text\r\n         self.assertEqual(error_message, \'用户名不存在!\')\r\n ​\r\n     def test_login5(self):\r\n         \'\'\'用户名为空\'\'\'\r\n         self.driver.find_element_by_css_selector(\"[name=\'admin.password\']\").send_keys(\"123456\")\r\n         self.driver.find_element_by_css_selector(\"#imageField\").click()\r\n         error_message = self.driver.find_element_by_css_selector(\"[for=\'loginName\']\").text\r\n         self.assertEqual(error_message, \'用户不存在!\')\r\n ​\r\n     def test_login6(self):\r\n         \'\'\'密码为空\'\'\'\r\n         self.driver.find_element_by_css_selector(\"[name=\'admin.loginName\']\").send_keys(\"autotest\")\r\n         self.driver.find_element_by_css_selector(\"#imageField\").click()\r\n         error_message = self.driver.find_element_by_css_selector(\"[for=\'textfield\']\").text\r\n         self.assertEqual(error_message, \'密码不能为空\')\r\n ​\r\n ​\r\n if __name__ == \"__main__\":\r\n     unittest.main(verbosity=2)</code></pre>\r\n\r\n<p>执行结果：</p>\r\n\r\n<pre>\r\n<code class=\"language-python\"> \"C:\\Program Files\\Python36\\python.exe\" D:/Git/Test_Framework/utils/cmslogin.py\r\n test_login1 (__main__.CmsLoginTest)\r\n 用户名、密码为空 ... skipped \'用户名密码都为空用例不执行\'\r\n test_login2 (__main__.CmsLoginTest)\r\n 用户名正确，密码错误 ... skipped \'2没有大于3，此用例不执行\'\r\n test_login3 (__main__.CmsLoginTest)\r\n 用户名、密码正确 ... skipped \'3大于2，此用例不执行\'\r\n test_login4 (__main__.CmsLoginTest)\r\n 用户名不存在 ... expected failure\r\n test_login5 (__main__.CmsLoginTest)\r\n 用户名为空 ... FAIL\r\n test_login6 (__main__.CmsLoginTest)\r\n 密码为空 ... ok\r\n ​\r\n ======================================================================\r\n FAIL: test_login5 (__main__.CmsLoginTest)\r\n 用户名为空\r\n ----------------------------------------------------------------------\r\n Traceback (most recent call last):\r\n   File \"D:/Git/Test_Framework/utils/cmslogin.py\", line 71, in test_login5\r\n     self.assertEqual(error_message, \'用户不存在!\')\r\n AssertionError: \'用户名不能为空\' != \'用户不存在!\'\r\n - 用户名不能为空\r\n + 用户不存在!\r\n ​\r\n ​\r\n ----------------------------------------------------------------------\r\n Ran 6 tests in 32.663s\r\n ​\r\n FAILED (failures=1, skipped=3, expected failures=1)\r\n ​\r\n Process finished with exit code 1</code></pre>\r\n\r\n<p>&nbsp;</p>\r\n', 2, 24, 0, 0, '2021-04-08 14:33:48', '2021-04-08 20:12:05');
INSERT INTO `article` VALUES (23, 'unittest详解（三） 测试套件（TestSuite）', 1, '我们知道测试用例的执行顺序是根据测试用例名称顺序执行的，在不改变用例名称的情况下，我们怎么来控制用例执行的顺序呢？  一个测试文件，我们直接执行该文件即可，但如果有多个测试文件，怎么进行组织，总不能一个个文件执行吧？', '<h2>unittest详解（三） 测试套件（TestSuite）</h2>\r\n\r\n<p>在前面一章中示例了如何编写一个简单的测试，但有两个问题：</p>\r\n\r\n<ol>\r\n	<li>\r\n	<p>我们知道测试用例的执行顺序是根据测试用例名称顺序执行的，在不改变用例名称的情况下，我们怎么来控制用例执行的顺序呢？</p>\r\n	</li>\r\n	<li>\r\n	<p>一个测试文件，我们直接执行该文件即可，但如果有多个测试文件，怎么进行组织，总不能一个个文件执行吧？</p>\r\n	</li>\r\n</ol>\r\n\r\n<p>要解决上面两个问题，我们就要用到<strong>测试套件（TestSuite）</strong>了</p>\r\n\r\n<p>代码：</p>\r\n\r\n<pre>\r\n<code class=\"language-python\"> # coding = utf-8\r\n import unittest\r\n import warnings\r\n from selenium import webdriver\r\n from time import sleep\r\n # 驱动文件路径\r\n driverfile_path = r\'D:\\coship\\Test_Framework\\drivers\\IEDriverServer.exe\'\r\n ​\r\n class CmsLoginTest(unittest.TestCase):\r\n     def setUp(self):\r\n         # 这行代码的作用是忽略一些告警打印\r\n         warnings.simplefilter(\"ignore\", ResourceWarning)\r\n         self.driver = webdriver.Ie(executable_path=driverfile_path)\r\n         self.driver.get(\"http://172.21.13.83:28080/\")\r\n ​\r\n     def tearDown(self):\r\n         self.driver.quit()\r\n ​\r\n     def test_login1(self):\r\n         \'\'\'用户名、密码为空\'\'\'\r\n         self.driver.find_element_by_css_selector(\"#imageField\").click()\r\n         error_message1 = self.driver.find_element_by_css_selector(\"[for=\'loginName\']\").text\r\n         error_message2 = self.driver.find_element_by_css_selector(\"[for=\'textfield\']\").text\r\n         self.assertEqual(error_message1, \'用户名不能为空\')\r\n         self.assertEqual(error_message2, \'密码不能为空\')\r\n ​\r\n     def test_login3(self):\r\n         \'\'\'用户名、密码正确\'\'\'\r\n         self.driver.find_element_by_css_selector(\"[name=\'admin.loginName\']\").send_keys(\"autotest\")\r\n         self.driver.find_element_by_css_selector(\"[name=\'admin.password\']\").send_keys(\"111111\")\r\n         self.driver.find_element_by_css_selector(\"#imageField\").click()\r\n         sleep(1)\r\n         self.driver.switch_to.frame(\"topFrame\")\r\n         username = self.driver.find_element_by_css_selector(\"#nav_top&gt;ul&gt;li&gt;a\").text\r\n         self.assertEqual(username,\"autotest\")\r\n ​\r\n     def test_login2(self):\r\n         \'\'\'用户名正确，密码错误\'\'\'\r\n         self.driver.find_element_by_css_selector(\"[name=\'admin.loginName\']\").send_keys(\"autotest\")\r\n         self.driver.find_element_by_css_selector(\"[name=\'admin.password\']\").send_keys(\"123456\")\r\n         self.driver.find_element_by_css_selector(\"#imageField\").click()\r\n         error_message = self.driver.find_element_by_css_selector(\".errorMessage\").text\r\n         self.assertEqual(error_message, \'密码错误,请重新输入!\')\r\n ​\r\n     def test_login4(self):\r\n         \'\'\'用户名不存在\'\'\'\r\n         self.driver.find_element_by_css_selector(\"[name=\'admin.loginName\']\").send_keys(\"test007\")\r\n         self.driver.find_element_by_css_selector(\"[name=\'admin.password\']\").send_keys(\"123456\")\r\n         self.driver.find_element_by_css_selector(\"#imageField\").click()\r\n         error_message = self.driver.find_element_by_css_selector(\".errorMessage\").text\r\n         self.assertEqual(error_message, \'用户不存在!\')\r\n ​\r\n ​\r\n if __name__ == \"__main__\":\r\n     # 构造测试套件\r\n     suite = unittest.TestSuite()\r\n     suite.addTest(CmsLoginTest(\"test_login1\"))\r\n     suite.addTest(CmsLoginTest(\"test_login2\"))\r\n     suite.addTest(CmsLoginTest(\"test_login4\"))\r\n     suite.addTest(CmsLoginTest(\"test_login3\"))\r\n     # 执行测试\r\n     runner = unittest.TextTestRunner(verbosity=2)\r\n     runner.run(suite)</code></pre>\r\n\r\n<p>注：<code>verbosity</code> 参数可以控制输出的错误报告的详细程度，默认是 <code>1；</code>如果设为 <code>0</code>，则不输出每一用例的执行结果；如果设为 <code>2</code>，则输出详细的执行结果</p>\r\n\r\n<p>执行结果：</p>\r\n\r\n<pre>\r\n<code class=\"language-python\"> \"C:\\Program Files\\Python36\\python.exe\" D:/Git/Test_Framework/utils/1.py\r\n test_login1 (__main__.CmsLoginTest)\r\n 用户名、密码为空 ... ok\r\n test_login2 (__main__.CmsLoginTest)\r\n 用户名正确，密码错误 ... ok\r\n test_login4 (__main__.CmsLoginTest)\r\n 用户名不存在 ... ok\r\n test_login3 (__main__.CmsLoginTest)\r\n 用户名、密码正确 ... ok\r\n ​\r\n ----------------------------------------------------------------------\r\n Ran 4 tests in 44.818s\r\n ​\r\n OK\r\n ​\r\n Process finished with exit code 0</code></pre>\r\n\r\n<p>从用例的执行结果中我们可以看到，<strong>用例的执行顺序是按照添加用例时的顺序来执行的</strong></p>\r\n\r\n<p>一个一个地添加测试用例到测试套件中，有点麻烦，<strong>其实我们可以把要执行的测试用例用个列表来管理，然后再把这个列表添加到测试套件中</strong>，如下代码：</p>\r\n\r\n<pre>\r\n<code class=\"language-python\"> if __name__ == \"__main__\":\r\n     # 构造测试套件\r\n     suite = unittest.TestSuite()\r\n     test_cases = [CmsLoginTest(\"test_login1\"),CmsLoginTest(\"test_login2\"),CmsLoginTest(\"test_login4\"),\r\n                   CmsLoginTest(\"test_login3\")]\r\n     suite.addTests(test_cases)\r\n     # 执行测试\r\n     runner = unittest.TextTestRunner(verbosity=2)\r\n     runner.run(suite)</code></pre>\r\n\r\n<p>下面我们就来讲讲多个文件的测试用例组织。</p>\r\n\r\n<p>假如我有两个系统的登录需要测试，测试用例分别放在两个文件中(cmslogin.py，smelogin.py)，现在我需要把这两个文件中的用例添加到一个测试套件中来执行，为此我们要重新建立一个叫run_all.py的文件</p>\r\n\r\n<pre>\r\n<code class=\"language-python\"> import unittest\r\n from cmslogin import CmsLoginTest\r\n from smelogin import SmeLoginTest\r\n ​\r\n if __name__ == \"__main__\":\r\n     # 构造测试套件\r\n     suite = unittest.TestSuite()\r\n     test_cases = [CmsLoginTest(\"test_login1\"),CmsLoginTest(\"test_login2\"),CmsLoginTest(\"test_login4\"),\r\n                   CmsLoginTest(\"test_login3\"),SmeLoginTest(\"test_login1\"),SmeLoginTest(\"test_login2\")]\r\n     suite.addTests(test_cases)\r\n     # 执行测试\r\n     runner = unittest.TextTestRunner(verbosity=2)\r\n     runner.run(suite)</code></pre>\r\n\r\n<p>还可以用addTests + TestLoader方法来添加用例，但是这种方法是无法对case进行排序的</p>\r\n\r\n<pre>\r\n<code class=\"language-python\"> import unittest\r\n from cmslogin import CmsLoginTest\r\n from smelogin import SmeLoginTest\r\n ​\r\n if __name__ == \"__main__\":\r\n     # 构造测试套件\r\n     suite = unittest.TestSuite()\r\n     # 第一种方法：传入\'模块名.TestCase名\'\r\n     suite.addTests(unittest.TestLoader().loadTestsFromName(\'cmslogin.CmsLoginTest\'))\r\n     suite.addTests(unittest.TestLoader().loadTestsFromName(\'smelogin.SmeLoginTest\'))\r\n     # 这里还可以把\'模块名.TestCase名\'放到一个列表中\r\n     suite.addTests(unittest.TestLoader().loadTestsFromNames([\'cmslogin.CmsLoginTest\',\'smelogin.SmeLoginTest\']))\r\n     # 第二种方法：传入TestCase\r\n     suite.addTests(unittest.TestLoader().loadTestsFromTestCase(CmsLoginTest))\r\n     # 执行测试\r\n     runner = unittest.TextTestRunner(verbosity=2)\r\n     runner.run(suite)</code></pre>\r\n\r\n<p>&nbsp;</p>\r\n', 4, 25, 0, 0, '2021-04-08 14:35:49', '2021-04-08 20:30:24');
INSERT INTO `article` VALUES (24, '什么是Pickle文件', 1, '这个文件类型只有在Python中存在。pickle提供了一个简单的持久化功能。可以将对象以文件的形式存放在磁盘上。  pickle模块只能在python中使用，python中几乎所有的数据类型（列表，字典，集合，类等）都可以用pickle来序列化，  pickle序列化后的数据，可读性差，人一般无法识别。说白了Pickle文件就是把数据转成二进制进行存储，是给机器看的不是给人看的。', '<h2>pandas to_excel:写入数据，写入到多个sheet里，在同一个sheet中追加数据</h2>\r\n\r\n<h3>一、写入数据</h3>\r\n\r\n<p>了解下to_excel 的其他参数，写入操作非常简单</p>\r\n\r\n<h3>二、写入到多个sheet中<br />\r\n这个就和之前写过的&ldquo;解决pandas中to_excel 数据覆盖sheet表问题&rdquo;是差不多的，如果要实现同时写多个sheet的话，加一个循环或者判断就好。现在下面给&ldquo;解决pandas中to_excel 数据覆盖sheet表问题&rdquo;的代码。</h3>\r\n\r\n<p>可以针对sheet_name做修改或者加一个循环<br />\r\n&nbsp;</p>\r\n\r\n<p><img src=\"https://p0.ssl.img.360kuai.com/t010237230eecaee6f1.webp\" /></p>\r\n\r\n<p>&nbsp;</p>\r\n\r\n<p>如果，这是你的希望的话，不管什么地方，我都愿意去！</p>\r\n\r\n<p>&nbsp;</p>\r\n\r\n<p><img src=\"https://p0.ssl.img.360kuai.com/t0196de97197c02f8f2.webp\" /></p>\r\n\r\n<p>&nbsp;</p>\r\n\r\n<p>我以前可是个吹牛大王呢，是天下第一骗子，可是现在我退步了，所以只能说到做到。</p>\r\n\r\n<p>&nbsp;</p>\r\n\r\n<p><img src=\"https://p0.ssl.img.360kuai.com/t01b52268cb56593ff0.webp\" /></p>\r\n\r\n<p>&nbsp;</p>\r\n\r\n<p>为了路飞，我心甘情愿成为真正的怪物。</p>\r\n\r\n<p>&nbsp;</p>\r\n\r\n<p><img src=\"https://p0.ssl.img.360kuai.com/t014c3088f3f3bcada6.webp\" /></p>\r\n\r\n<p>&nbsp;</p>\r\n\r\n<p>不要让朋友为自己而等待，因为等待是一种极为孤独寂寞的过程！</p>\r\n', 4, 26, 0, 0, '2021-04-08 14:45:31', '2021-04-08 20:30:28');
INSERT INTO `article` VALUES (25, '这是一个不祥的信号，又一艘船被炸了！', 1, '倒是以色列情报机构摩萨德前副局长巴拉克，则很坦然：我不知道《纽约时报》的消息是否属实，如果消息属实，那么似乎就是有人想让（伊朗人）明白，我们也知道如何在不论什么地方，对船只造成破坏。他们应该小心才是。', '<p>　原标题：这是一个不祥的信号，又一艘船被炸了！</p>\r\n\r\n<p>　　来源：牛弹琴</p>\r\n\r\n<p><img alt=\"\" src=\"https://n.sinaimg.cn/spider202148/88/w1080h608/20210408/c6e5-knipfsf2989129.jpg\" /></p>\r\n\r\n<p>　　当年在耶路撒冷工作的时候，惊艳于红海的清澈，这可能是世界上最清澈的海了；但现在，总隐隐感觉有一种血光，一个不祥的信号。</p>\r\n\r\n<p>　　又一艘轮船，在红海里被炸了。</p>\r\n\r\n<p>　　这不是普通的船，表面是商船，实际被认为隶属于伊朗伊斯兰革命卫队，这更不是普通海盗能干的活，攻击者使用的是军用水雷。</p>\r\n\r\n<p>　　谁干的？</p>\r\n\r\n<p>　　美国国防部赶紧撇清，不是美军干的。</p>\r\n\r\n<p>　　那又会是谁？</p>\r\n\r\n<p>　　很多人将目光瞄准了以色列。</p>\r\n\r\n<p>　　以色列既不承认也不否认。</p>\r\n\r\n<p>　　但美国《纽约时报》却揭了老底。</p>\r\n\r\n<p>　　1，按照该报透露的信息，在袭击发生前，以色列方面知会美国，以军会在当地时间4月6日上午7：30左右袭击伊朗船只。</p>\r\n\r\n<p>　　2，袭击事实上被推迟了，因为当时美国航母艾森豪威尔号，与被袭的伊朗萨维兹号相距不远。美国要避嫌！</p>\r\n\r\n<p>　　3，按照美国和以色列的说法，过去几年，萨维兹号一直在红海巡航，但其实这是伊朗军方船只，负责收集情报和护航等任务。</p>\r\n\r\n<p>　　4，这不是第一艘被袭的伊朗船只。两周前，在地中海，一艘伊朗集装箱货船遭到袭击。伊朗指责，以色列下黑手。据报道，过去两年半，以色列共袭击了伊朗&ldquo;几十艘&rdquo;油轮，伊朗损失有数十亿美元。</p>\r\n\r\n<p>　　5，以色列也有麻烦。2月26日，一艘以色列货船在阿曼湾发生激烈爆炸；3月25日，又一艘以色列货船在阿拉伯海遭到导弹突然攻击，以色列认定，这是伊朗干的。</p>\r\n\r\n<p>　　更有意思的，是以色列的表态。</p>\r\n\r\n<p>　　以色列官方，没有态度。</p>\r\n\r\n<p>　　倒是以色列情报机构摩萨德前副局长巴拉克，则很坦然：我不知道《纽约时报》的消息是否属实，如果消息属实，那么似乎就是有人想让（伊朗人）明白，我们也知道如何在不论什么地方，对船只造成破坏。他们应该小心才是。</p>\r\n\r\n<p>　　也就是说，以色列发出信号：伊朗，你要小心。</p>\r\n\r\n<p><img alt=\"\" src=\"https://n.sinaimg.cn/spider202148/294/w700h394/20210408/7376-knipfsf2989153.png\" /></p>\r\n\r\n<p><img alt=\"\" src=\"https://n.sinaimg.cn/spider202148/174/w1080h694/20210408/5eb8-knipfsf2989159.png\" /></p>\r\n\r\n<p>　　考虑到袭击发生之前，美国和伊朗在维也纳举行伊核协议间接谈判，并取得&ldquo;建设性&rdquo;进展。要知道，以色列是最反对伊朗核协议的国家。</p>\r\n\r\n<p>　　以色列总理内塔尼亚胡，曾拿着示意图指责伊朗发展核武器。他曾在利库德集团一次会议上说：&ldquo;我们不能支持危险的核计划，因为拥有核武器的伊朗是一个存在的威胁，也是对整个世界安全的一个非常大的威胁。我们必须对伊朗的狂热政权采取行动，这个政权只是威胁要把我们从地球上抹去&hellip;&hellip;我们将永远明白，要保护自己不受那些企图杀害我们的人的伤害。&rdquo;</p>\r\n\r\n<p>　　核武器，我以色列可以有，但你伊朗绝对不可以有。</p>\r\n\r\n<p>　　当然，全世界都认为以色列拥有核武器，但以色列也是既不否认也不承认。</p>\r\n\r\n<p>　　所以，基本可以判定。</p>\r\n\r\n<p>　　1，这次袭击伊朗船只，100%是以色列干的，据说是一支特别突击队执行了任务。</p>\r\n\r\n<p>　　2，双方都以眼还眼、以牙还牙，这只是一系列攻击行为中的一次。</p>\r\n\r\n<p>　　3，目标已经不只是军舰，更多是民用船只，双方打红了眼，某种意义上说，这就是一场超限战。</p>\r\n\r\n<p>　　这与中国有关吗？</p>\r\n\r\n<p>　　在遥远的中东，肯定与中国无关，但也不得不说，必然也会影响到中国利益。</p>\r\n\r\n<p>　　毕竟，作为世界上最大贸易国，进出中国的大量货物要通过红海-苏伊士运河，前几天运河堵塞，就造成全球贸易巨大波动。想象一下，如果发生大规模攻击，对全球贸易、对中国的影响，会小吗？</p>\r\n\r\n<p>　　总有一种隐隐的担忧：</p>\r\n\r\n<p>　　小打小闹，几艘轮船遭殃，船员或死或伤。</p>\r\n\r\n<p>　　如果发生石油泄漏，那就是一场生态灾难。</p>\r\n\r\n<p>　　如果闹大了，对不起，那就是一场全面战争，到处都是战场。</p>\r\n\r\n<p>　　不是军舰的伊朗萨维兹号遭到袭击，总是一个不祥的信号。</p>\r\n\r\n<p>　　双方都在酝酿更激烈的行动，黄金水道不安全，不排除还有更大的黑天鹅。</p>\r\n\r\n<p>　　中国，也必须未雨绸缪啊！</p>\r\n\r\n<p><img alt=\"\" src=\"https://n.sinaimg.cn/spider202148/88/w1080h608/20210408/0758-knipfsf2989210.jpg\" /></p>\r\n\r\n<p>　　肯定的，伊朗在愤怒中，100%会有新的报复行动。</p>\r\n\r\n<p>　　从中，也可以看到国际形势的诡谲：乌克兰危机还在发酵，俄乌大兵集结；叙利亚内战还在持续，大国搏斗不休；好不容易拜登上台，伊朗核问题出现曙光，以色列又下狠手，就是阻止美国，你别和伊朗谈&hellip;&hellip;</p>\r\n', 5, 27, 0, 0, '2021-04-08 15:02:08', '2021-04-08 20:16:00');
INSERT INTO `article` VALUES (26, '中国“海牛Ⅱ号”海试成功 刷新世界深海海底钻机钻探深度', 1, '万步炎及其科研团队从2000年开始研制深海海底钻机，2003年成功研制出中国首台深海浅层岩芯取样钻机，并成功在海底下钻0.7米，钻获第一个岩芯样品，开启了中国自主研发深海海底钻机的历程。随后十几年，万步炎带领其团队扎根这一技术领域执着攻关，于2010年研制成功深海中深孔岩芯取样钻机，海底钻探深度20米；2015年成功研发“海牛号”海底多用途钻机，改写了中国深海海底钻机钻探深度纪录。所有关键技术均为自主研发，目前该团队已取得125项国家专利，4项国际发明专利。', '<h1>中国&ldquo;海牛Ⅱ号&rdquo;海试成功</h1>\r\n\r\n<h1><img alt=\"中国“海牛Ⅱ号”海试成功刷新世界深海海底钻机钻探深度\" src=\"http://i2.chinanews.com/simg/ypt/2021/210408/82aecb69-a2cf-41a5-a63c-1a534bf9b564_zsite.jpg\" /></h1>\r\n\r\n<p>&nbsp;&nbsp;&nbsp;&nbsp;&ldquo;海牛Ⅱ号&rdquo;搭载海洋地质二号科考船行驶在大海上。　湖南科技大学 供图</p>\r\n\r\n<p>　　<a href=\"http://www.chinanews.com/\" target=\"_blank\">中新网</a>长沙4月8日电(傅煜 唐亚慧 李凌蕴)湖南科技大学8日对外透露，由该校领衔研发的中国首台&ldquo;海牛Ⅱ号&rdquo;海底大孔深保压取芯钻机系统，于北京时间4月7日23时许在南海超2000米深水成功下钻231米，刷新世界深海海底钻机钻探深度。</p>\r\n\r\n<p>　　这一深海试验的成功，填补了中国海底钻探深度大于100米、具备保压取芯功能的深海海底钻机装备的空白，标志着中国在这一技术领域已达到世界领先水平。</p>\r\n\r\n<p><img alt=\"“海牛Ⅱ号”正在进行海试作业。　湖南科技大学 供图 摄\" src=\"http://i2.chinanews.com/simg/ypt/2021/210408/ca4a8989-69a3-4cd5-af2a-9e5509a400f4_zsite.jpg\" /></p>\r\n\r\n<p>&ldquo;海牛Ⅱ号&rdquo;正在进行海试作业。　湖南科技大学 供图</p>\r\n\r\n<p>　　据悉，&ldquo;海牛Ⅱ号&rdquo;海底大孔深保压取芯钻机系统是中国重点研发计划&ldquo;深海关键技术与装备专项&rdquo;课题，目标是研制作业水深不小于2000米，钻探深度不小于200米，保压成功率不小于60%，可有效满足中国海底天然气水合物(可燃冰)资源勘探的海底大孔深保压取芯钻机系统。</p>\r\n\r\n<p>　　&ldquo;海牛Ⅱ号&rdquo;钻机本体高7.6米，腰围10米，体重12吨，水下重量10吨，是目前中国水下重量最重的地质勘探科考设备。它看似庞然大物，到了海底就像泥鳅一样灵活。</p>\r\n\r\n<p>　　从广州港口出发，&ldquo;海牛Ⅱ号&rdquo;搭载海洋地质二号科考船于北京时间4月3日抵达目标工区并开展深海作业联调联试。海试作业于7日上午6时左右进行，8时30分，&ldquo;海牛Ⅱ号&rdquo;成功坐底在水深2060米的海底，在海底完成姿态调平后，进行了约15个小时的目标层保压取芯钻探作业。</p>\r\n\r\n<p>　　&ldquo;海牛Ⅱ号&rdquo;首席科学家万步炎教授介绍，相较目前世界上深海海底钻机海底100余米的最大钻探深度，&ldquo;海牛Ⅱ号&rdquo;本次海底目标层保压取芯钻探深度达到231米，是目前世界上唯一一台海底钻探深度大于200米的深海海底钻机。它采用全新的基于海底钻机绳索取芯技术的水合物保压取芯原理、保压取芯技术与工艺、轻量化设计技术，以及海底复杂地层智能钻进专家系统，使得钻探效率、取芯质量、保压成功率显著提高，钻机重量较国外同类钻机大幅减少，水下收放作业难度大幅降低。这次深海试验的成功，意味着中国在该技术领域已达到世界领先水平。</p>\r\n\r\n<p>　　万步炎及其科研团队从2000年开始研制深海海底钻机，2003年成功研制出中国首台深海浅层岩芯取样钻机，并成功在海底下钻0.7米，钻获第一个岩芯样品，开启了中国自主研发深海海底钻机的历程。随后十几年，万步炎带领其团队扎根这一技术领域执着攻关，于2010年研制成功深海中深孔岩芯取样钻机，海底钻探深度20米；2015年成功研发&ldquo;海牛号&rdquo;海底多用途钻机，改写了中国深海海底钻机钻探深度纪录。所有关键技术均为自主研发，目前该团队已取得125项国家专利，4项国际发明专利。</p>\r\n\r\n<p>　　据了解，万步炎及其团队已把目光瞄向11000米水深的马里亚纳海沟，力争在未来几年内实现11000米级水深地质钻探取样，为揭示海沟扩张演化规律和独特的生态系统及生命过程演化规律提供利器。(完)</p>\r\n', 5, 28, 0, 0, '2021-04-08 20:04:21', '2021-04-08 20:04:21');
INSERT INTO `article` VALUES (27, '触目真相戳穿美国“人权卫士”谎言', 1, '美国因自身制度失灵积重难返，最终造成国会山暴乱；美国种族歧视痼疾从未根除，一再酿成少数族裔家破人亡的惨剧；美国因自身防疫不力，经历了远比世界任何国家都要严重的新冠疫情……美国践踏人权的一个个触目惊心的真相，彻底戳穿了美国长期自我标榜为“人权卫士”的无耻谎言。', '<h1>综述：触目真相戳穿美国&ldquo;人权卫士&rdquo;谎言</h1>\r\n\r\n<p>&nbsp;</p>\r\n\r\n<p>　　新华社华盛顿4月8日电 综述：触目真相戳穿美国&ldquo;人权卫士&rdquo;谎言</p>\r\n\r\n<p>　　日前，美国凭借道听途说、无中生有的材料拼凑而成所谓&ldquo;2020年度国别人权报告&rdquo;，一如既往地对别国人权状况大肆抹黑、指手画脚。而事实上，美国自身的人权问题堆积如山，过去4年，美国政府人权纪录劣迹斑斑。</p>\r\n\r\n<p>　　美国因自身制度失灵积重难返，最终造成国会山暴乱；美国种族歧视痼疾从未根除，一再酿成少数族裔家破人亡的惨剧；美国因自身防疫不力，经历了远比世界任何国家都要严重的新冠疫情&hellip;&hellip;美国践踏人权的一个个触目惊心的真相，彻底戳穿了美国长期自我标榜为&ldquo;人权卫士&rdquo;的无耻谎言。</p>\r\n\r\n<table align=\"left\" border=\"0\" cellpadding=\"0\" cellspacing=\"0\">\r\n	<tbody>\r\n		<tr>\r\n			<td>&nbsp;</td>\r\n		</tr>\r\n	</tbody>\r\n</table>\r\n\r\n<p>&nbsp;</p>\r\n\r\n<p>　<strong>　&mdash;&mdash;民主失序造撕裂</strong></p>\r\n\r\n<p>　　民主制度失序引发政治乱象，进而撕裂美国社会。美国的金钱政治扭曲了民意，把选举搞成了富人阶层的&ldquo;独角戏&rdquo;。金钱深深植根于美国选举的各个环节。没有足够的金钱，根本无法参加竞逐任何重要政治职位。</p>\r\n\r\n<p>　　纽约大学布伦南司法研究中心指出，巨额资金主宰着美国当前的政治竞选活动，其程度是几十年来所未见的。&ldquo;超级政治行动委员会&rdquo;允许亿万富翁向竞选活动投入无限量资金，淹没了普通美国人的声音。&ldquo;黑钱组织&rdquo;会掩盖捐赠者身份，防止选民知道是谁试图影响他们投票。</p>\r\n\r\n<p>　　《华尔街日报》网站去年11月9日评论说，在2020年的选举中，美国人对本国民主制度的信心下降至20年来最低点。政治极化日益严重，仇恨政治演变为全国性&ldquo;瘟疫&rdquo;，选后暴乱导致国会沦陷。</p>\r\n\r\n<p>　　近年来，美国枪支交易和枪击事件连创历史新高，人们对社会秩序失去信心。美国两党基于党派利益难以就枪支管控达成共识，长期持续的枪支泛滥是政治分裂和党派斗争使然，而代价则是每年数万美国人沦为枪下之魂。</p>\r\n\r\n<p>　<strong>　&mdash;&mdash;种族痼疾常发作</strong></p>\r\n\r\n<p>　　美国少数族裔遭受系统性种族歧视，处境艰难。轰动全球的美国白人警察&ldquo;跪杀&rdquo;非洲裔男子弗洛伊德一案3月29日开庭公审。《波士顿环球报》感叹道：&ldquo;(涉嫌杀害弗洛伊德的白人警察)肖万不会是法庭上唯一的被告，被送上审判席的还有整个美国。&rdquo;</p>\r\n\r\n<p>　　弗洛伊德那句&ldquo;我无法呼吸&rdquo;的呻吟，是不止一个死于警察暴力执法的非洲裔美国人的临终哀嚎，也是更多遭受同样厄运的少数族裔共同心声。</p>\r\n\r\n<p>　　美国联邦统计数据显示，非洲裔青年男性被警察射杀的风险比白人青年男性高21倍，15岁至19岁的非洲裔男性被射杀率高达百万分之31.17，而同年龄段的白人男性被射杀率仅为百万分之1.47。据&ldquo;警察暴力地图&rdquo;网站统计，2013年美国至少有301名非洲裔遭警察枪杀，2014年为320人，2015年为351人，2016年为309人，2017年为282人，2018年为260人，2019年为278人，2020年为233人。</p>\r\n\r\n<p>　　暴力执法的美国警察通常会受到法律的公正制裁吗？答案是否定的。审理警察暴力执法案件的陪审团普遍对执法人员存在&ldquo;天然的信任&rdquo;。印第安纳大学法学院教授珍尼娜&middot;贝尔说，数据表明陪审团成员更倾向于相信警察和警察的证词，而非目击证人的证词。</p>\r\n\r\n<p>　　非洲裔并非美国种族主义问题的唯一受害者，拉丁裔和亚裔等少数族裔也长期遭受种族歧视。特别是新冠疫情暴发以来，一些美国政客为推卸防疫不力的责任而大肆对亚裔进行污名化，导致针对亚裔美国人的暴力仇恨犯罪在全美激增。近两个月来，&ldquo;停止仇恨亚裔&rdquo;已成为继&ldquo;黑人的命也是命&rdquo;之后新一轮反种族歧视运动的口号，相关游行示威活动在全美各地此起彼伏。</p>\r\n\r\n<p>　　<strong>&mdash;&mdash;贫富差距再拉大</strong></p>\r\n\r\n<p>　　今日美国社会的贫富差距加速扩大，底层民众生活苦不堪言。去年以来，疫情失控导致大规模失业潮，数千万人失去医疗保险，六分之一美国人、四分之一美国儿童面临饥饿威胁。弱势群体成为政府消极应对疫情的最大牺牲品。</p>\r\n\r\n<p>　　专家认为，疫情加剧了美国底层人民的生存危机，但美国社会财富分配不均造成的中产阶层危机则早已存在并持续恶化，正在引发社会和政治动荡。美国保守派网站&ldquo;美国伟大&rdquo;编辑克里斯&middot;巴斯柯克说，财富分配不均是由持续近半个世纪的实际工资增长停滞以及其他结构性问题导致的，很可能造成一种不可持续发展的局面。</p>\r\n\r\n<p>　<strong>　&mdash;&mdash;疫情失控酿悲剧</strong></p>\r\n\r\n<p>　　美国人口不足世界总人口的5%，但截至目前，其新冠确诊病例数却超过全球总数的25%，死亡病例数占全球总数的近20%，超过55万美国民众失去了宝贵生命。</p>\r\n\r\n<p>　　时任特朗普政府白宫冠状病毒应对工作组协调员德博拉&middot;伯克斯在美国有线电视新闻网日前播出的纪录片中直言，联邦政府向公众传达矛盾信息，这是美国应对疫情过程中犯下的&ldquo;头号错误&rdquo;。</p>\r\n\r\n<p>　　在这部纪录片中，特朗普政府白宫冠状病毒应对工作组重要成员、美国国家过敏症和传染病研究所所长安东尼&middot;福奇说，总统在社交媒体上发布的呼吁解除疫情封锁等言论令人震惊，对抗击疫情的工作来讲&ldquo;是一个巨大的打击&rdquo;。</p>\r\n\r\n<p>　<strong>　&mdash;&mdash;横行霸道毁规则</strong></p>\r\n\r\n<p>　　悍然退出世界卫生组织、退出《巴黎协定》，以霸凌行径威胁国际机构、野蛮推行单边制裁，残酷对待寻求庇护者、疫情期间继续强制遣返移民，赦免屠杀他国平民的战争罪犯&hellip;&hellip;</p>\r\n\r\n<p>　　特朗普政府治下的美国对国际社会欠下的&ldquo;人权账&rdquo;不胜枚举。4年来，美国执意奉行本国优先，推行孤立主义、单边主义、霸凌主义，已然成为危害全球安全与稳定的最大&ldquo;麻烦制造者&rdquo;。</p>\r\n\r\n<p>　　2018年6月19日，自诩&ldquo;人权卫士&rdquo;的美国竟悍然宣布退出联合国人权理事会。此前一天，联合国人权事务高级专员办公室刚刚批评美国在边境地区将移民儿童与父母强制分离的做法。</p>\r\n\r\n<p>　　2018年9月和2019年3月，美国前国家安全顾问博尔顿和时任国务卿蓬佩奥分别发出威胁，称如果国际刑事法院调查美国及其盟国人员涉嫌犯下的战争罪行，美方将对&ldquo;直接负责调查&rdquo;的人员采取禁止入境、冻结资产等报复措施，甚至包括对国际刑事法院进行经济制裁。美国法律人士詹姆斯&middot;戈德斯通评论说，这些高官的言论表明，美国政府&ldquo;只有在符合美国利益时&rdquo;，才把国际法当一回事。</p>\r\n\r\n<p>　　2017年7月至2020年7月，美国移民当局违反国际人权法及国际人道主义，在南部边境地区强行将5400多名儿童与身为难民或非法移民的父母分开关押，造成骨肉分离惨剧，多名儿童在拘押期间死亡。2019年，总共有85万移民在美国南部边境地区遭到逮捕，他们大多遭受粗暴对待，人权遭到肆意践踏。2020年，美国关押移民的拘留场所成为新冠病毒传播的&ldquo;重灾区&rdquo;，美国政府还在疫情蔓延之际强行遣返大批非法移民，加重了中美洲国家的疫情风险。</p>\r\n\r\n<p>　　近3个月，又有10余万非法移民涌入美国。美国执法人员将5000多名儿童与其父母分开，关押在拥挤的简易房内，制造了多处&ldquo;儿童集中营&rdquo;。美国政府拒绝承认眼前的移民危机，甚至阻止记者前往报道&ldquo;儿童集中营&rdquo;里的真实情况。美国政府侵犯移民权利特别是移民儿童权利的政策，在美国国内和国际社会都遭到强烈批评和谴责。</p>\r\n\r\n<p>　　在不久前结束的联合国人权理事会会议期间，一些国家代表指出，疫情当前，美国却奉行&ldquo;疫苗民族主义&rdquo;，大量囤积远超其人口需要的新冠疫苗并拒绝向包括盟友在内的其他国家提供疫苗；美国历次武装干涉造成其他国家大量平民伤亡；美国对多个国家实施严重违反国际法的单边强制措施，严重侵犯他国人权，甚至导致人道主义危机。</p>\r\n', 5, 29, 0, 0, '2021-04-08 20:05:18', '2021-04-08 20:05:18');
INSERT INTO `article` VALUES (28, '中方愿在世贸组织中作出与自身能力相符的贡献', 1, '中新网4月8日电 商务部新闻发言人高峰8日指出，关于中国在世贸组织中的发展中成员地位问题，中方已经多次表明，中国作为负责任的发展中大国，愿意根据权利和义务平衡原则，在世贸组织中作出与自身能力相符的贡献。', '<h1>商务部：中方愿在世贸组织中作出与自身能力相符的贡献</h1>\r\n\r\n<p>　　<a href=\"http://www.chinanews.com/\" target=\"_blank\">中新网</a>4月8日电 商务部新闻发言人高峰8日指出，关于中国在世贸组织中的发展中成员地位问题，中方已经多次表明，中国作为负责任的发展中大国，愿意根据权利和义务平衡原则，在世贸组织中作出与自身能力相符的贡献。</p>\r\n\r\n<p><img alt=\"资料图：商务部新闻发言人高峰。&lt;a target=\'_blank\' href=\'http://www.chinanews.com/\'&gt;中新社&lt;/a&gt;记者 赵隽 摄\" src=\"http://image1.chinanews.com.cn/cnsupload/big/2019/11-22/4-561/c09493f02914473b8e960f9aaf5cfff0.jpg\" /></p>\r\n\r\n<p>资料图：商务部新闻发言人高峰。<a href=\"http://www.chinanews.com/\" target=\"_blank\">中新社</a>记者 赵隽 摄</p>\r\n\r\n<p>　　商务部8日召开例行新闻发布会。会上，有记者问：目前，英国呼吁七国集团重审国际贸易规则，并对中国实行更加强硬的贸易政策，英国国际贸易大臣伊丽莎白&middot;特拉斯在G7贸易部长会议前表示，需要重新审视世贸组织的工作，尤其是世贸组织对中国的立场，她认为中国仍然像过去一样被认定为发展中国家并享受世贸组织的优惠是不正确的。请问商务部有怎样的评论？</p>\r\n\r\n<p>　　高峰指出，关于中国在世贸组织中的发展中成员地位问题，中方已经多次表明，中国作为负责任的发展中大国，愿意根据权利和义务平衡原则，在世贸组织中作出与自身能力相符的贡献。</p>\r\n\r\n<p>　　高峰表示，加入世贸组织以来，中国全面履行加入承诺，坚定维护多边贸易体制，反对单边主义和保护主义。中国积极参与了世贸组织的《贸易便利化协定》、《信息技术协定》扩围协议等相关的谈判，为促进全球贸易发展、增进各国民众福祉作出了积极贡献。</p>\r\n\r\n<p>　　高峰强调，无论外部环境如何变化，中国都将始终与发展中成员站在一起，维护广大发展中成员的利益，作出更多与自身能力相符的贡献。</p>\r\n\r\n<p>执法车辆上路巡查，超限货车随即销声匿迹；执法车一离开，大批违法车辆马上鱼贯而出&hellip;&hellip;据报道，浙江省温州市交通执法队近期发现，多辆执法车被人安装了跟踪器。</p>\r\n\r\n<p>　　小小跟踪器，让神秘的暗访成了公开的秘密，执法信息被动态掌控，超限车辆就可以逍遥法外。这一现实中的&ldquo;无间道&rdquo;，犹如扑朔迷离的谍战片，难怪网友惊呼&ldquo;老鼠给猫装上了铃铛&rdquo;。</p>\r\n\r\n<p>　　这些跟踪设备究竟是什么人安装的，安装的数量有多少？除了已经发现的跟踪器外，其他执法车辆、其他执法部门是否也存在同样的情况？这些疑点，有待当地进一步调查。</p>\r\n\r\n<table align=\"left\" border=\"0\" cellpadding=\"0\" cellspacing=\"0\">\r\n	<tbody>\r\n		<tr>\r\n			<td>&nbsp;</td>\r\n		</tr>\r\n	</tbody>\r\n</table>\r\n\r\n<p>&nbsp;</p>\r\n\r\n<p>　　在执法者面前耍&ldquo;小聪明&rdquo;，通过装跟踪器来逃避车辆超限监管和罚款，暴露出的是违法违规者的不敬畏法律，把安全当儿戏。据介绍，这些超限车辆荷载远超公路的设计承载能力，会造成路面严重损坏；超重严重影响刹车效果，存在巨大的安全隐患。</p>\r\n\r\n<p>　　值得关注的是，从生产、销售到使用，定位跟踪器产业链条存在若干模糊地带。在互联网上，跟踪器的销售使用门槛极低，社会危害却不容忽视。打开一些电商平台，&ldquo;跟踪神器&rdquo;&ldquo;隐形定位器&rdquo;等五花八门，有的声称可&ldquo;声控录音、精准定位&rdquo;，价格不高，销量火爆，月销1万多个。</p>\r\n\r\n<p>　　位置信息是重要的隐私信息，但目前来看，汽车定位跟踪器滥用折射出一定监管盲区。根据2015年1月实施的《禁止非法生产销售使用窃听窃照专用器材和&ldquo;伪基站&rdquo;设备的规定》显示，禁止自然人、法人及其他组织生产、销售、使用窃听窃照专用器材和&ldquo;伪基站&rdquo;设备。在法律界人士看来，一旦定位跟踪器的生产、销售、使用用于非法用途，即有可能被认定为&ldquo;窃听窃照器材&rdquo;，继而因侵犯公民个人信息或扰乱公共秩序受到行政处罚甚至刑事处罚。</p>\r\n\r\n<p>　　执法信息被窃取只是一个极端案例。在个人隐私保护意识不断觉醒的今天，公民的位置等隐私信息应当得到保护和尊重。新的科技产品带给了我们便利，但掌握科技不等于能够随心所欲，同样也要受法律约束。而挑战执法权力的&ldquo;小聪明&rdquo;，终究难逃法律严惩。(王俊禄 张璇)</p>\r\n', 5, 30, 0, 0, '2021-04-08 20:06:41', '2021-04-08 20:06:41');
INSERT INTO `article` VALUES (29, '山西大宁“折翼天使”的白衣情怀：扎根山区守健康', 1, '周娟的外公是一名老中医，天天为乡亲们看病抓药。在那段灰暗的日子里，外公的捣药声陪伴着她，她想重新“站”起来，努力成为一名好医生，用自己的力量去帮助和她一样身陷困境的人。2005年，周娟成为一名医学生，侧重于西医理论学习，后考入山西省中医药研究院中医学专业继续深造。“跨界”后她只能从头开始，拗口难背的方歌、晦涩难懂的古籍，克服了一道道难关，她对中医愈发痴迷。', '<h1>山西大宁&ldquo;折翼天使&rdquo;的白衣情怀：扎根山区守健康</h1>\r\n\r\n<p><img alt=\"山西大宁“折翼天使”的白衣情怀：扎根山区守健康\" src=\"http://i2.chinanews.com/simg/ypt/2021/210408/39f828b6-3982-4946-a011-be88afc6e345_zsite.jpg\" /></p>\r\n\r\n<p>&nbsp;&nbsp;&nbsp;&nbsp;周娟凭借坚韧的毅力，一步步实现&ldquo;白衣梦&rdquo;。　郝海军　摄</p>\r\n\r\n<p>　　<a href=\"http://www.chinanews.com/\" target=\"_blank\">中新网</a>临汾4月8日电 题：山西大宁&ldquo;折翼天使&rdquo;的白衣情怀：扎根山区守健康</p>\r\n\r\n<p>　　作者 范丽芳 李静</p>\r\n\r\n<p>　　&ldquo;小姑娘，大夫在吗？&rdquo;</p>\r\n\r\n<p>　　&ldquo;我就是大夫，您哪里不舒服？&rdquo;</p>\r\n\r\n<p>　　&ldquo;小姑娘能看了病吗？&rdquo;</p>\r\n\r\n<p>　　一晃7年过去，山西省临汾市大宁县医疗集团曲峨镇卫生院里，曾被人质疑&ldquo;太年轻&rdquo;的小姑娘，已成为众人眼中业务熟练的小周大夫。</p>\r\n\r\n<p>　　周娟今年36岁，虽身有残疾，但凭借坚韧的毅力，一步步实现了自己的&ldquo;白衣梦&rdquo;。扎根大山深处，她愿尽最大努力，守护乡亲健康。</p>\r\n\r\n<p><strong>　　突遭不幸她勇敢应对</strong></p>\r\n\r\n<p>　　周娟4岁那年，因甘蔗中毒致双下肢功能障碍，父母四处求医、花空积蓄也没治好这一怪病，她再也无法正常行走。</p>\r\n\r\n<p>　　周娟的外公是一名老中医，天天为乡亲们看病抓药。在那段灰暗的日子里，外公的捣药声陪伴着她，她想重新&ldquo;站&rdquo;起来，努力成为一名好医生，用自己的力量去帮助和她一样身陷困境的人。</p>\r\n\r\n<p>　　2005年，周娟成为一名医学生，侧重于西医理论学习，后考入山西省中医药研究院中医学专业继续深造。&ldquo;跨界&rdquo;后她只能从头开始，拗口难背的方歌、晦涩难懂的古籍，克服了一道道难关，她对中医愈发痴迷。</p>\r\n\r\n<p><strong>　　心怀大爱她扎根山区</strong></p>\r\n\r\n<p>　　2014年，研究生毕业的周娟回到大宁县，一头扎进偏远的大山深处，&ldquo;我从小生长在这里，知道山区的人求医艰难。&rdquo;</p>\r\n\r\n<p><img alt=\"扎根大山深处，周娟愿尽最大努力，守护乡亲健康。　郝海军 摄\" src=\"http://i2.chinanews.com/simg/ypt/2021/210408/0043d827-cf6d-4e4c-ad39-928644c4da8d_zsite.jpg\" /></p>\r\n\r\n<p>扎根大山深处，周娟愿尽最大努力，守护乡亲健康。　郝海军 摄</p>\r\n\r\n<p>　　周娟初到曲峨镇卫生院时，破烂不堪的房屋光线极差，大型检查设备几乎没有，常备药品不全，前来就诊的患者甚少，还常常被她这个年轻医生&ldquo;吓&rdquo;走，总担心她岁数小、不会看病，白花钱。</p>\r\n\r\n<p>　　不被信任、屡受打击，周娟有些难过，但也能理解患者的想法。&ldquo;大家觉得年纪越大的中医，经验越丰富，一时接受不了我也正常。&rdquo;她意识到，有本事才是硬道理，于是利用休息时间，通过多种渠道学习医学知识、拓展知识面。</p>\r\n\r\n<p>　　&ldquo;在村里，小病拖、大病扛是常态，提高村民的健康意识非常重要。&rdquo;为此，周娟克服身体困难，积极配合卫生院下乡义诊。在诊所坐等等不来，就挨家挨户上门宣传。</p>\r\n\r\n<p>　　其间，周娟为一位70多岁的老人量血压，&ldquo;高压都到200多了，他自己还不当回事儿。&rdquo;在周娟的督促下，老人按时吃药，血压一直控制在正常范围。</p>\r\n\r\n<p>　　每次义诊时间过长，周娟的腿部会异常肿胀，行走更加困难，但对她而言，乡亲们能提升防病意识、掌握保健知识，就是最欣慰的事。</p>\r\n\r\n<p><strong>　　坚守初心她逐梦前行</strong></p>\r\n\r\n<p>　　周娟的名气越来越大，村民们不再叫她&ldquo;黄毛丫头&rdquo;，改叫&ldquo;小周大夫&rdquo;，身体不适总会第一时间想到她。</p>\r\n\r\n<p>　　近年，在国家政策扶持下，当地卫生院医疗条件改善，配置了呼吸机、彩超机等医疗设备，常备药品也一应俱全。</p>\r\n\r\n<p><img alt=\"资料图：周娟正在家访。受访者供图 受访者供图 摄\" src=\"http://i2.chinanews.com/simg/ypt/2021/210408/3e5c58d8-8f8f-4b4c-9b4f-d22e02183016_zsite.jpg\" /></p>\r\n\r\n<p>资料图：周娟正在家访。受访者供图&nbsp;</p>\r\n\r\n<p>　　周娟说，村民看病更方便了，对健康的要求也更高了，&ldquo;要当好基层医生，必须成为&lsquo;全科大夫&rsquo;。&rdquo;为此，她四处参加培训，持续更新和巩固专业知识库。</p>\r\n\r\n<p>　　眼下，正在参加培训的周娟还惦记着一件事。她在义诊中结识一位患脑梗的大姐，靠轮椅代步。&ldquo;她的轮椅很破旧，老伴推她也很吃力，但没钱更换。我帮大姐向县残联申请了新轮椅，现在已经批下来了。&rdquo;周娟说，&ldquo;培训一结束，我就给大姐送过去，她肯定会很开心。&rdquo;(完)</p>\r\n', 5, 31, 0, 0, '2021-04-08 20:11:34', '2021-04-08 20:11:55');
INSERT INTO `article` VALUES (30, '广东惠阳举行叶挺将军等烈士罹难75周年纪念活动', 1, '中新网惠州4月8日电(陈婷 宋秀杰)4月8日是叶挺将军罹难75周年公祭日。叶挺将军的亲属代表、烈士亲属代表与社会各界人士齐集广东惠州市惠阳区秋长镇周田村叶挺将军纪念园，参加了在此间举行的叶挺、李秀文等“四·八”烈士遇难75周年纪念活动暨《叶挺家书里的家国情怀》开展仪式。', '<h1>广东惠阳举行叶挺将军等烈士罹难75周年纪念活动</h1>\r\n\r\n<p><img alt=\"广东惠阳举行叶挺将军等烈士罹难75周年纪念活动\" src=\"http://i2.chinanews.com/simg/ypt/2021/210408/f7b2b7e6-6124-4ddc-8a23-ee8230f512f6_zsite.jpg\" /></p>\r\n\r\n<p>&nbsp;&nbsp;&nbsp;&nbsp;图为广东惠州市惠阳区举行的叶挺、李秀文等&ldquo;四&middot;八&rdquo;烈士遇难75周年纪念活动暨《叶挺家书里的家国情怀》　宋秀杰　摄</p>\r\n\r\n<p>　　<a href=\"http://www.chinanews.com/\" target=\"_blank\">中新网</a>惠州4月8日电(陈婷 宋秀杰)4月8日是叶挺将军罹难75周年公祭日。叶挺将军的亲属代表、烈士亲属代表与社会各界人士齐集广东惠州市惠阳区秋长镇周田村叶挺将军纪念园，参加了在此间举行的叶挺、李秀文等&ldquo;四&middot;八&rdquo;烈士遇难75周年纪念活动暨《叶挺家书里的家国情怀》开展仪式。</p>\r\n\r\n<p><img alt=\"图为广东惠州市惠阳区举行的叶挺、李秀文等“四·八”烈士遇难75周年纪念活动暨《叶挺家书里的家国情怀》 宋秀杰 摄\" src=\"http://i2.chinanews.com/simg/ypt/2021/210408/825a3d1a-4f4b-47ca-8710-4d7fbb1d727a_zsite.jpg\" /></p>\r\n\r\n<p>图为广东惠州市惠阳区举行的叶挺、李秀文等&ldquo;四&middot;八&rdquo;烈士遇难75周年纪念活动暨《叶挺家书里的家国情怀》 宋秀杰 摄</p>\r\n\r\n<p>　　据介绍，叶挺1896年出生在广东惠州市惠阳区秋长镇周田村一个农民家庭，是中国人民解放军的创建人和新四军的领导人、杰出的军事家。</p>\r\n\r\n<p>　　1919年初追随孙中山参加革命；1925年9月任第四军独立团团长；1926年率领独立团参加北伐战争，被誉为&ldquo;北伐名将&rdquo;，所在团被称为&ldquo;叶挺独立团&rdquo;；1927年8月1日与周恩来、贺龙、朱德等一起领导南昌起义，担任前敌总指挥；1927年12月11日与张太雷、叶剑英等领导了广州起义，担任红军总司令；抗战爆发后，出任新四军军长。</p>\r\n\r\n<p><img alt=\"图为广东惠州市惠阳区举行的叶挺、李秀文等“四·八”烈士遇难75周年纪念活动暨《叶挺家书里的家国情怀》 宋秀杰 摄\" src=\"http://i2.chinanews.com/simg/ypt/2021/210408/03bbfc23-a52b-4897-8524-0c4a3c7da8e4_zsite.jpg\" /></p>\r\n\r\n<p>图为广东惠州市惠阳区举行的叶挺、李秀文等&ldquo;四&middot;八&rdquo;烈士遇难75周年纪念活动暨《叶挺家书里的家国情怀》 宋秀杰 摄</p>\r\n\r\n<p>　　1941年1月，叶挺在与国民党交涉皖南事件时被强行扣押，他在牢中书写的《囚歌》震惊中外。1946年3月4日，叶挺在中共中央的营救下获释。</p>\r\n\r\n<p>　　1946年4月8日，他从重庆赴延安出席全军整编会议途中，因飞机失事，在山西兴县黑茶山不幸罹难。与叶挺将军一起遇难的还有出席重庆国共谈判与政治协商会议的中共代表王若飞、秦邦宪，中共中央职工委员会书记邓发，教育家黄齐生和八路军军官与叶挺夫人李秀文及其子阿九、其女扬眉，以及4名美军驾驶人员。</p>\r\n\r\n<p><img alt=\"图为广东惠州市惠阳区举行的叶挺、李秀文等“四·八”烈士遇难75周年纪念活动暨《叶挺家书里的家国情怀》 宋秀杰 摄\" src=\"http://i2.chinanews.com/simg/ypt/2021/210408/70b0ab41-b44a-4e93-96fd-c53deb13f237_zsite.jpg\" /></p>\r\n\r\n<p>图为广东惠州市惠阳区举行的叶挺、李秀文等&ldquo;四&middot;八&rdquo;烈士遇难75周年纪念活动暨《叶挺家书里的家国情怀》 宋秀杰 摄</p>\r\n\r\n<p>　　同年4月19日，毛泽东、朱德、刘少奇、林伯渠、贺龙等领导与延安各界3万余人在东关飞机场隆重祭悼&ldquo;四&middot;八&rdquo;烈士，全国各地也对&ldquo;四&middot;八&rdquo;烈士进行了沉痛的悼念。</p>\r\n\r\n<p>　　在此开展的《叶挺家书里的家国情怀》，是通过《亲情家书篇》《丹心书札篇》《大义手札篇》《初心尺素篇》共4个主题12封家书信件手札，其中，叶挺的女儿叶扬眉生前在重庆期间写给大哥叶正大的信和李秀文写给长子叶正大的家信感人肺腑，催人泪下。让后人读懂叶挺将军深厚的家国情怀。</p>\r\n\r\n<p><img alt=\"图为广东惠州市惠阳区举行的叶挺、李秀文等“四·八”烈士遇难75周年纪念活动暨《叶挺家书里的家国情怀》 宋秀杰 摄\" src=\"http://i2.chinanews.com/simg/ypt/2021/210408/373f44d2-350a-45c6-89d6-ea207bfc41e8_zsite.jpg\" /></p>\r\n\r\n<p>图为广东惠州市惠阳区举行的叶挺、李秀文等&ldquo;四&middot;八&rdquo;烈士遇难75周年纪念活动暨《叶挺家书里的家国情怀》 宋秀杰 摄</p>\r\n\r\n<p>　　据了解，叶挺纪念馆是全国爱国主义教育示范基地、全国首批100个红色旅游经典景区之一、国家AAAA级旅游景区，全国侨联爱国主义教育基地、中国游客最喜爱(满意)红色旅游景点，广东省国防教育基地、廉政教育基地、党员现场教学基地、中共党史教育基地，环境教育基地、中小学生研学实践教育基地等。平均年接待游客量近80万人次。(完)</p>\r\n', 5, 32, 0, 0, '2021-04-08 20:13:43', '2021-04-08 20:13:43');
INSERT INTO `article` VALUES (32, '西藏武警官兵缅怀英烈 坚定守护高原信念', 1, '中新网拉萨4月4日电 (石开群 谢牧)清明节期间，驻守川藏、新藏公路的武警第二机动总队某支队官兵走进千里雪域“天路”沿线的10余座烈士陵园开展祭扫活动。', '<h1>西藏武警官兵缅怀英烈 坚定守护高原信念</h1>\r\n\r\n<p><img alt=\"西藏武警官兵缅怀英烈坚定守护高原信念\" src=\"http://i2.chinanews.com/simg/ypt/2021/210404/133016640_zsite.jpg\" /></p>\r\n\r\n<p>&nbsp;&nbsp;&nbsp;&nbsp;图为官兵向烈士献花。武警第二机动总队某支队供图</p>\r\n\r\n<p>　　<a href=\"http://www.chinanews.com/\" target=\"_blank\">中新网</a>拉萨4月4日电 (石开群 谢牧)清明节期间，驻守川藏、新藏公路的武警第二机动总队某支队官兵走进千里雪域&ldquo;天路&rdquo;沿线的10余座烈士陵园开展祭扫活动。</p>\r\n\r\n<p><img alt=\"图为官兵们深情缅怀烈士。武警第二机动总队某支队供图\" src=\"http://i2.chinanews.com/simg/ypt/2021/210404/133016650_zsite.jpg\" /></p>\r\n\r\n<p>图为官兵们深情缅怀烈士。武警第二机动总队某支队供图</p>\r\n\r\n<p>　　&ldquo;革命烈士永垂不朽&rdquo;八个大字巍然矗立在雪山下的座座纪念碑上。官兵们深情缅怀在解放西藏、卫国戍边、修筑&ldquo;天路&rdquo;和为疆藏建设献出宝贵生命的英烈，其中也有他们曾经朝夕相处、并肩作战的亲密战友。</p>\r\n\r\n<p><img alt=\"图为官兵向牺牲的指导员致敬。武警第二机动总队某支队供图\" src=\"http://i2.chinanews.com/simg/ypt/2021/210404/133016660_zsite.jpg\" /></p>\r\n\r\n<p>图为官兵向牺牲的指导员致敬。武警第二机动总队某支队供图</p>\r\n\r\n<p>　　在祭奠活动中，官兵精心清扫墓地，向烈士们鞠躬默哀、献花，深情祭奠英灵，以表达对革命先烈的哀思和敬仰。</p>\r\n\r\n<p>　　&ldquo;入伍二十余年，每次扫墓都能受到灵魂的洗礼。&rdquo;老兵何剑波说，这更加坚定我们扎根高原、卫国戍边的信念。</p>\r\n\r\n<p><img alt=\"图为官兵们打扫烈士墓地。武警第二机动总队某支队供图\" src=\"http://i2.chinanews.com/simg/ypt/2021/210404/133016670_zsite.jpg\" /></p>\r\n\r\n<p>图为官兵们打扫烈士墓地。武警第二机动总队某支队供图</p>\r\n\r\n<p>　　&ldquo;指导员，我今年就要退伍了，这可能是最后一次来看你了。&rdquo;已经在高原上服役16年的战士桂敏特意从左贡县来到芒康县烈士陵园，他一直忘不了在抢险救援中牺牲的指导员袁耀武，含着眼泪向他的指导员袁耀武告别：&ldquo;请您放心，战友们一定会把国道养护得更好，让我们的道路更加安全畅通。&rdquo;</p>\r\n\r\n<p><img alt=\"图为在波密烈士陵园官兵们向烈士默哀。武警第二机动总队某支队供图\" src=\"http://i2.chinanews.com/simg/ypt/2021/210404/133016680_zsite.jpg\" /></p>\r\n\r\n<p>图为在波密烈士陵园官兵们向烈士默哀。武警第二机动总队某支队供图</p>\r\n\r\n<p>　　在活动现场，该支队官兵纷纷表示：革命先烈用鲜血和生命换来了今天的和平，我们一定继承和发扬&ldquo;老西藏&rdquo;精神和&ldquo;两路&rdquo;精神，忠诚履行使命，守护西藏的幸福繁荣，扎根雪域高原建功立业。(完)</p>\r\n', 2, 34, 0, 0, '2021-04-08 20:15:47', '2021-04-08 20:15:47');
INSERT INTO `article` VALUES (33, '“拔尖计划”成高校热议词 基础学科人才如何“拔”？', 1, '“我国的化学学科目前已不落国际同行之后，以ESI排名为参考的话，化学学科全球排名前100名中，中国高校占据二三十席。”山东大学本科生院副院长张树永认为，改革开放40多年来，我国基础学科发展已取得可喜成绩，所培养的人才，不少已在国际科学界崭露头角。张树永介绍，在国外知名大学从事基础学科研究的学者中，华裔尤其是中国籍科学家比例不低，其中不乏知名专家。', '<h1>&ldquo;拔尖计划&rdquo;成高校热议词 基础学科人才如何&ldquo;拔&rdquo;？</h1>\r\n\r\n<p>　　<strong>基础学科人才，高校何以拔尖？</strong></p>\r\n\r\n<p>　　半月谈记者 王莹 萧海川 俞菀 李伟</p>\r\n\r\n<p>　　加强基础学科拔尖学生培养，是&ldquo;十四五&rdquo;规划的明确要求。当前，&ldquo;拔尖计划&rdquo;也是各大高校深思热议的关键词。在种种基础学科拔尖人才培养计划如雨后春笋纷纷问世之际，我们需要打量一下，&ldquo;拔尖&rdquo;究竟应该怎么&ldquo;拔&rdquo;？</p>\r\n\r\n<p>　　<strong>让人才在本土获得一流培养</strong></p>\r\n\r\n<table align=\"left\" border=\"0\" cellpadding=\"0\" cellspacing=\"0\">\r\n	<tbody>\r\n		<tr>\r\n			<td>&nbsp;</td>\r\n		</tr>\r\n	</tbody>\r\n</table>\r\n\r\n<p>&nbsp;</p>\r\n\r\n<p>　　&ldquo;我国的化学学科目前已不落国际同行之后，以ESI排名为参考的话，化学学科全球排名前100名中，中国高校占据二三十席。&rdquo;山东大学本科生院副院长张树永认为，改革开放40多年来，我国基础学科发展已取得可喜成绩，所培养的人才，不少已在国际科学界崭露头角。张树永介绍，在国外知名大学从事基础学科研究的学者中，华裔尤其是中国籍科学家比例不低，其中不乏知名专家。</p>\r\n\r\n<p>　　本土培养的基础学科优秀人才，能否在本土获得接轨国际水准的深造条件？自1991年教育部设立&ldquo;国家理科基础科学研究和教学人才培养基地&rdquo;以来，这样的探索在国家与高校层面一直在推进，&ldquo;珠峰计划&rdquo;&ldquo;拔尖计划&rdquo;&ldquo;强基计划&rdquo;&hellip;&hellip;我国基础学科人才培养支持力度不断加大，许多高校结合自身优长，纷纷试点不同类型的基础学科培养实验班。</p>\r\n\r\n<p>　　付出已见回报。不少&ldquo;双一流&rdquo;高校逐渐摸索出培养基础学科优秀人才的经验。&ldquo;我们的首要经验，是帮助学生认清基础学科在国家战略中的真正作用，培养出勇于攀登，能够在基础研究中站到顶峰、引领世界的杰出科学家。&rdquo;华中科技大学物理学院院长陈相松说。</p>\r\n\r\n<p>　　<strong>探索期矛盾仍待化解</strong></p>\r\n\r\n<p>　　不少受访师生向半月谈记者反映，基础学科拔尖人才培养计划从项目目标、选拔过程，到课程体系，实践中仍存在多重矛盾。当下各高校基础学科培养方案多数仍以造就科研人员为导向，在当前就业形势下，市场适配性与职业竞争力不足的短板更显突出，&ldquo;培养浪费&rdquo;未可忽视。</p>\r\n\r\n<p>　　&mdash;&mdash;国家规范性与专业特殊性的矛盾。中部地区某高校历史文化学院一位副院长表示，国家为基础学科发展设立统一规范，有其必要，但若在落实中简化为&ldquo;一刀切&rdquo;，就可能削弱专业在拔尖人才培养探索中的积极性与主动性。比如说&ldquo;书院制&rdquo;培养方式就未必适合所有学科，若强行推广，可能事倍功半。</p>\r\n\r\n<p>　　&mdash;&mdash;科研与教学的矛盾。国内基础学科存在重科研、轻教学的倾向。国内高等院校的校长，数学专业、化学专业比例不低，主要是科研做得好。&ldquo;现在担心教师对教学不够上心，毕竟国家级科研奖励每年评选一次，并且奖励力度更大。&rdquo;一位东部高校的相关负责人说，基础学科教学分量未得到充分体现，国内高校有教学经验、有管理教学能力的人越来越少。&ldquo;甚至有分管教学的副院长，多年不参加国内相关学科的教学研讨会。&rdquo;</p>\r\n\r\n<p>　　&mdash;&mdash;回报长期性与需求功利性的矛盾。部分高校管理人员反映，目前基础学科人才培养还看不到真正体现专业与耐心的长期规划。各种名目的&ldquo;计划&rdquo;三五年一变，考核指标屡屡&ldquo;变风向&rdquo;，培养单位往往无所适从。同时，教师和学生也存在功利化心态。受制于教师评价&ldquo;五唯&rdquo;问题仍不同程度存在，基础学科教师难于安心投入人才培养，也就无从扶植学生的学术热忱和创新兴趣；另一方面，一些教师发现，部分学生考入实验班动机只为获取资源，打造光鲜简历，毕业后即告别科学。</p>\r\n\r\n<p>　　&mdash;&mdash;理想与现实的矛盾。对学生而言，当下留守基础学科研究与投身热门行业待遇差别较大，基础研究短期收益不彰。不止一位受访学生表示，理解国家对战略科技的迫切需要，但就业问题仍是他们最大关切。另外，不少高校培养拔尖人才的具体方式缺乏差异化安排，课程同质化、要求一刀切，让学生对专业心生厌倦。</p>\r\n\r\n<p>　　&ldquo;基础学科人才培养不只是部属院校的事，省属高校同样需要拔尖人才，但我们的安排没跟上啊！&rdquo;某省属高校学生工作处相关负责人说，学校设有国家重点实验室，拥有院士领衔的科研团队，具备集聚人才、集中攻关的条件，但推荐免试研究生、直博名额一直不足。该校2019届本科毕业生7000多人，近400人具备推荐免试研究生资格，学校校内保送仅有120个名额。</p>\r\n\r\n<p>　　<strong>&ldquo;拔尖&rdquo;应该怎么&ldquo;拔&rdquo;</strong></p>\r\n\r\n<p>　　相关专家表示，当下正是基础学科拔尖人才培养模式深化改革之机，各方应统筹施策，不断提升人才培养质量。</p>\r\n\r\n<p>　　一是加强高中和大学的人才培养衔接。张树永等专家认为，创新型科研人才要从青少年抓起，对有兴趣、学有余力的高中生，可投入高校资源，结合&ldquo;大学先修课&rdquo;等模式，提前对拔尖人才进行引导性培养。</p>\r\n\r\n<p>　　二是明确培养标准，改革培养模式。部分专家建议，各个学科应当明确自己的&ldquo;拔尖&rdquo;标准，亦即明确培养规格和标准。在此基础上，给予高校在具体培养机制上更多&ldquo;话语权&rdquo;，保障培养规格的实现。东北大学理学院物理系主任公卫江等建议，改革应该是立体化设计，要把本科生导师制、深化学分制改革和国际国内、跨学科联合培养等有机统合起来。</p>\r\n\r\n<p>　　三是不能被&ldquo;就业率&rdquo;束缚住基础学科人才培养的翅膀。基础学科领域人才培养，不能用&ldquo;就业率&rdquo;一把尺子衡量成效， 培养能够坐得住冷板凳的拔尖创新型研究人才，英才、天才与&ldquo;偏才、怪才&rdquo;都要有发挥余地。</p>\r\n\r\n<p>　　具体而言，数量上要减少规模，走少而精的道路；质量方面则应在培养计划中明确制定出符合学生个人特性和学习能力的个性化学习方案，以多元化扶助让学生尽快适应和融入专业学习进程，实现在科教融合中培养高质量创新人才的目标。(刊于《半月谈》2021年第6期)</p>\r\n', 2, 35, 0, 0, '2021-04-08 20:17:36', '2021-04-08 20:17:36');
INSERT INTO `article` VALUES (34, '你的医保个人账户能给家人用了', 1, '中新网客户端北京4月8日电(记者 李金磊)职工医保将迎来重大变化.4月7日召开的国务院常务会议，确定建立健全职工基本医保门诊共济保障机制的措施，拓宽个人账户资金使用范围，减轻群众医疗负担。具体来看，职工医保主要有4个方面的变化。', '<h1>你的医保个人账户能给家人用了！职工医保迎大变化</h1>\r\n\r\n<p>　　<a href=\"http://www.chinanews.com/\" target=\"_blank\">中新网</a>客户端北京4月8日电(记者 李金磊)职工医保将迎来重大变化。</p>\r\n\r\n<p>　　4月7日召开的国务院常务会议，确定建立健全职工基本医保门诊共济保障机制的措施，拓宽个人账户资金使用范围，减轻群众医疗负担。具体来看，职工医保主要有4个方面的变化。</p>\r\n\r\n<p><img alt=\"资料图：某医院门诊楼。 &lt;a target=\'_blank\' href=\'http://www.chinanews.com/\'&gt;中新社&lt;/a&gt;记者 殷立勤 摄 \" src=\"http://i2.chinanews.com/simg/cmshd/2021/04/08/caea95728a374afc9b5109c6efc01bf1.jpg\" /></p>\r\n\r\n<p>资料图：某医院门诊楼。&nbsp;<a href=\"http://www.chinanews.com/\" target=\"_blank\">中新社</a>记者 殷立勤 摄</p>\r\n\r\n<p>　　<strong>将更多门诊费用纳入医保报销</strong></p>\r\n\r\n<p>　　会议指出，我国新一轮医改建立了世界上规模最大、惠及十多亿人的基本医保网，对减轻群众就医负担、缓解看病贵发挥了重要作用。近年来，又将涉及众多患者的高血压、糖尿病等门诊慢特病纳入医保报销。下一步要深化医改，增强职工基本医保互助共济保障功能，将更多门诊费用纳入医保报销，进一步减轻患者负担。</p>\r\n\r\n<p>　　会议确定，逐步将部分对健康损害大、费用负担重的门诊慢特病和多发病、常见病普通门诊费用纳入统筹基金支付。政策范围内支付比例从50%起步，适当向退休人员倾斜，今后随基金承受能力增强逐步提高保障水平。</p>\r\n\r\n<p>　　国家医保局的数据显示，截至2020年底，参加职工基本医疗保险人数34423万人，比上年同期增加1498万人，增幅4.6%；在参加职工基本医疗保险人数中，在职职工25398万人，退休职工9025万人。</p>\r\n\r\n<p>　　此前，基本医保制度是以保住院为重心，2019年职工医保的住院政策范围内医疗费用报销比例达到80%以上，但是门诊保障比较薄弱，大部分门诊费用主要通过个人账户来支付。但个人账户的钱比较少，有些常见病费用很高，单靠个人账户无法支付。</p>\r\n\r\n<p>　　因此，将更多门诊费用纳入医保报销，有助于减轻参保人员的就医负担。</p>\r\n\r\n<p><img alt=\"资料图：患者进入医院就诊 蔡俊 摄 \" src=\"http://i2.chinanews.com/simg/cmshd/2021/04/08/3fed5549a93844e19e05fdbda6fe38e4.jpg\" /></p>\r\n\r\n<p>资料图：患者进入医院就诊 蔡俊 摄</p>\r\n\r\n<p>　　<strong>单位缴费不再计入个人账户</strong></p>\r\n\r\n<p>　　会议确定，改进个人账户计入办法。在职职工个人缴费仍计入本人个人账户，单位缴费全部计入统筹基金；退休人员个人账户由统筹基金按定额划入，划入额度逐步调整到统筹地区实施此项改革当年基本养老金平均水平的2%左右。</p>\r\n\r\n<p>　　改革前，医保个人缴费的全部和单位缴费的30%计入个人账户。而改革后，对于在职职工来说，单位缴费部分全部计入统筹基金，不再划入个人账户，个人账户只有个人缴费划入了。</p>\r\n\r\n<p>　　如此一来，进入到个人账户的钱就变少了，那这一部分钱用到哪里了呢？</p>\r\n\r\n<p>　　国家医保局2020年8月发布的《关于建立健全职工基本医疗保险门诊共济保障机制的指导意见(征求意见稿)》曾指出，调整统账结构后减少划入个人账户的基金主要用于支撑健全门诊共济保障，提高门诊待遇。</p>\r\n\r\n<p>　　中国社科院世界社保研究中心执行研究员张盈华此前对<a href=\"http://www.chinanews.com/\" target=\"_blank\">中新网</a>记者表示，取消单位缴费划转个人账户部分，意味着医保基金社会统筹部分加大，增强了健康人向患病者的共济，对于健康者来说，日后自己生病也可获得来自社会成员之间更多的共济。</p>\r\n\r\n<p><img alt=\"资料图：民众在青海一家医院窗口刷卡缴费。　张添福 摄 \" src=\"http://i2.chinanews.com/simg/cmshd/2021/04/08/db38a118fbdf48029154cbc60deffc48.jpg\" /></p>\r\n\r\n<p>资料图：民众在青海一家医院窗口刷卡缴费。　张添福 摄</p>\r\n\r\n<p>　　<strong>个人账户可以给家属用了</strong></p>\r\n\r\n<p>　　会议确定，拓宽个人账户使用范围，允许家庭成员共济，可用于支付在定点医疗机构就医，以及在定点零售药店购买药品、医疗器械和医用耗材发生的由个人负担费用，探索用于家属参加城乡居民基本医保等个人缴费。</p>\r\n\r\n<p>　　这意味着，进入到个人账户的钱变少了，但是个人账户使用范围扩大了。</p>\r\n\r\n<p>　　之前，个人账户只能支付职工本人的医疗费用，大部分健康人群个人账户大量结余，而少部分年老、体弱人群个人账户入不敷出、个人负担沉重。改革后，将扩大到可以支付职工配偶、父母、子女的个人负担费用。</p>\r\n\r\n<p>　　清华大学医院管理研究院教授杨燕绥认为，医疗保险本质是社会互济，但个人账户共济能力差，年轻人、健康人用不了，老年人不够用，个人账户使用范围扩大，有助于加强家庭互济，一人参保保全家。</p>\r\n\r\n<p><img alt=\"资料图：市民在医院门诊大厅间隔排队挂号。&lt;a target=\'_blank\' href=\'http://www.chinanews.com/\'&gt;中新社&lt;/a&gt;记者 杨迪 摄 \" src=\"http://i2.chinanews.com/simg/cmshd/2021/04/08/75a926dc24b94da9b3396297e5eb9e48.jpg\" /></p>\r\n\r\n<p>资料图：市民在医院门诊大厅间隔排队挂号。<a href=\"http://www.chinanews.com/\" target=\"_blank\">中新社</a>记者 杨迪 摄</p>\r\n\r\n<p>　　<strong>加强医保基金监督管理</strong></p>\r\n\r\n<p>　　会议确定，加强医保基金监督管理，完善稽核、内控等制度，严肃查处虚假住院、欺诈骗保等违法违规行为，完善与门诊共济保障相适应的付费机制。</p>\r\n\r\n<p>　　医保基金是老百姓的看病钱、救命钱，有人却把医保基金看成&ldquo;唐僧肉&rdquo;，想方设法从中&ldquo;滴漏渗透&rdquo;，骗取医保基金。</p>\r\n\r\n<p>　　数据显示，2020年，60余万家定点医药机构被检查，40余万家违法违规违约定点医药机构被处理，223.1亿元医保基金被追回。一半以上的定点医药机构曾在不同程度上存在基金使用问题。</p>\r\n\r\n<p>　　随着加强医保基金监督管理，骗保等违法违规行为将受到更大力度的&ldquo;强监管&rdquo;。</p>\r\n\r\n<p>　　记者注意到，2021年政府工作报告提出，建立健全门诊共济保障机制，逐步将门诊费用纳入统筹基金报销。根据国务院印发的《关于落实〈政府工作报告〉重点工作分工的意见》，此项工作由国家医保局牵头，财政部等按职责分工负责，5月底前出台相关政策，年内持续推进。(完)</p>\r\n', 3, 36, 0, 0, '2021-04-08 20:24:35', '2021-04-08 20:24:35');
INSERT INTO `article` VALUES (35, '探访“进京赶考”出发地西柏坡：“赶考”永远在路上', 1, '在中国革命圣地西柏坡，28米高的西柏坡纪念碑，象征着中国共产党领导中国人民经过28年艰苦奋斗，最终取得了革命的伟大胜利。纪念碑下，依山设计的三组浮雕，再现了三大战役的战争场面。通往纪念碑的台阶上，“赶考”两个大字格外醒目。', '<h1>探访&ldquo;进京赶考&rdquo;出发地西柏坡：&ldquo;赶考&rdquo;永远在路上</h1>\r\n\r\n<p><img alt=\"探访“进京赶考”出发地西柏坡：“赶考”永远在路上\" src=\"http://i2.chinanews.com/simg/ypt/2021/210406/133050820_zsite.jpg\" /></p>\r\n\r\n<p>&nbsp;&nbsp;&nbsp;&nbsp;图为党员干部在西柏坡纪念馆前合影。　陈林　摄</p>\r\n\r\n<p>　　<a href=\"http://www.chinanews.com/\" target=\"_blank\">中新网</a>石家庄4月6日电 题：探访&ldquo;进京赶考&rdquo;出发地西柏坡：&ldquo;赶考&rdquo;永远在路上</p>\r\n\r\n<p>　　<a href=\"http://www.chinanews.com/\" target=\"_blank\">中新社</a>记者 鲁达 陈林</p>\r\n\r\n<p>　　在中国革命圣地西柏坡，28米高的西柏坡纪念碑，象征着中国共产党领导中国人民经过28年艰苦奋斗，最终取得了革命的伟大胜利。纪念碑下，依山设计的三组浮雕，再现了三大战役的战争场面。通往纪念碑的台阶上，&ldquo;赶考&rdquo;两个大字格外醒目。</p>\r\n\r\n<p>　　此时的西柏坡，山坡郁葱，春意盎然，迎来红色旅游旺季。中共中央旧址小院内，梨树吐绿，杏花绽放，一批批游客在这里参观学习，重温&ldquo;赶考精神&rdquo;。</p>\r\n\r\n<table align=\"left\" border=\"0\" cellpadding=\"0\" cellspacing=\"0\">\r\n	<tbody>\r\n		<tr>\r\n			<td>&nbsp;</td>\r\n		</tr>\r\n	</tbody>\r\n</table>\r\n\r\n<p>&nbsp;</p>\r\n\r\n<p>　　毛泽东旧居内，桌上翻开的日历，定格在1949年3月23日。这一天，中共中央从西柏坡出发进京&ldquo;赶考&rdquo;，开启了建设新中国的历史征程。</p>\r\n\r\n<p>　　西柏坡纪念馆讲解员赵迪说，每次在这里讲解时，都会特意强调这一天是&ldquo;赶考&rdquo;纪念日。从今年3月初开始，全国各地来西柏坡进行党史教育学习的人非常多，特别是3月23日前后，迎来了小高潮。</p>\r\n\r\n<p>　　一墙之隔的中央军委作战室旧址内，&ldquo;一部电话、两张地图、三套桌椅、四间平房&rdquo;是当时艰苦作战条件的写照。距此约百米，是中国共产党七届二中全会旧址。</p>\r\n\r\n<p>　　70多年前，作为解放全中国的&ldquo;最后一个农村指挥所&rdquo;，地处太行山东麓鲜为人知的西柏坡，一度成为整个中国的&ldquo;心脏&rdquo;。中共中央在西柏坡指挥了震惊中外的辽沈、淮海、平津三大战役，决定了中国的命运；召开的中国共产党七届二中全会，描绘了新中国的宏伟蓝图，并向全党提出了牢记&ldquo;两个务必&rdquo;的著名论述。</p>\r\n\r\n<p>　　西柏坡纪念馆研究部主任康彦新说，在西柏坡时期，中国共产党面临着筹建新中国的重大任务。今后要建立一个什么样的国家政权、如何加强党的建设等重大问题都摆在了面前。在离开西柏坡前后一个月，毛泽东多次提到&ldquo;不做李自成&rdquo;。离开西柏坡进京建立新中国时，他用中国古代读书人进京赶考改变命运的历史来比喻这次赴京建立新中国，提出了&ldquo;赶考&rdquo;命题。这是中国共产党人在面对中国革命发展的新情况、新形势下，经过长时间思考而提出的。</p>\r\n\r\n<p>　　纪念&ldquo;赶考&ldquo;，传承精神，是为了更好地迎接考试。70多年来，&ldquo;赶考&ldquo;的红色基因在这里赓续传承，并走向全国。</p>\r\n\r\n<p>　　与西柏坡隔湖相望的曹火星纪念馆，也迎来了一批批游客。馆内，曹火星在中国抗日战争时期创作的歌曲《没有共产党就没有新中国》一遍遍循环播发。传唱至今，依旧经久不衰。</p>\r\n\r\n<p>　　中共河北省委党校中共党史教研部副教授赵亦彭说，&ldquo;赶考&rdquo;命题其实是对中国共产党七届二中全会精神的一种实践与延续。&ldquo;赶考&rdquo;命题正是将这一精神直接转化为对现实工作的具体指导，是对&ldquo;两个务必&rdquo;精神的现实结合与形象演绎。</p>\r\n\r\n<p>　　他表示，当年提出&ldquo;赶考&rdquo;并践行&ldquo;赶考&rdquo;的中国共产党，其实也是在面对着属于自己的新时代。</p>\r\n\r\n<p>　　&ldquo;时代是出卷人，我们是答卷人，人民是阅卷人。&rdquo;立于中共百年华诞的历史坐标之上，正在全党开展党史学习教育的中国共产党人，不忘初心，&ldquo;赶考&rdquo;永远在路上。(完)</p>\r\n', 3, 37, 0, 0, '2021-04-08 20:26:52', '2021-04-08 20:26:52');
INSERT INTO `article` VALUES (36, '医保创新药“灵魂砍价”后缘何“进院难”', 1, '经向中国药学会了解，该数据的计算方法并不合理，其将全部等级和类型的医院纳入统计范围。实际上，很多医院并不具备为肿瘤患者提供医疗服务与治疗药品的能力，如一些基层医院、非肿瘤类的专科医院等，因此其得出的肿瘤创新药进院比例较低。', '<h1>医保创新药&ldquo;灵魂砍价&rdquo;后缘何&ldquo;进院难&rdquo;？</h1>\r\n\r\n<p>　<strong>　新华全媒+｜医保创新药&ldquo;灵魂砍价&rdquo;后缘何&ldquo;进院难&rdquo;？</strong></p>\r\n\r\n<p><a href=\"http://www.chinanews.com/photo/\" target=\"_self\"><img alt=\"点击进入下一页\" src=\"http://www.chinanews.com/cr/2021/0408/1100398562.jpg\" /></a></p>\r\n\r\n<p>　　新华社北京4月8日电&nbsp;<strong>题：医保创新药&ldquo;灵魂砍价&rdquo;后缘何&ldquo;进院难&rdquo;？</strong></p>\r\n\r\n<p>　　新华社记者彭韵佳、龚雯、陈席元</p>\r\n\r\n<p>　　日前，一组数据显示，截至2020年第三季度，2018-2019年纳入国家医保目录的肿瘤创新药，在1420家样本医院中，进院比例约为25%。这组数据引发了关于&ldquo;创新药进医院难&rdquo;的热议。</p>\r\n\r\n<p>　　这组数据如何得出？为什么会出现创新药&ldquo;进院难&rdquo;？医疗机构配备药品受哪些因素影响？如何打通进院&ldquo;最后一公里&rdquo;？记者采访了专家与业内人士。</p>\r\n\r\n<p>　　<strong>进院比例合理吗？</strong></p>\r\n\r\n<p>　　经向中国药学会了解，该数据的计算方法并不合理，其将全部等级和类型的医院纳入统计范围。实际上，很多医院并不具备为肿瘤患者提供医疗服务与治疗药品的能力，如一些基层医院、非肿瘤类的专科医院等，因此其得出的肿瘤创新药进院比例较低。</p>\r\n\r\n<p>　　复旦大学公共卫生学院教授胡善联认为，在适当的样本医院范围内，医院药品的进院比例可以显示药品进院和使用情况，但不能作为评价药品可及性高低的唯一标准。</p>\r\n\r\n<p>　　&ldquo;不同药品的进院比例本身就会存在差异。&rdquo;胡善联说，每种药品都有与其自身特点相符的进院比例，即使一些药品上市很久，其进院比例也会保持低位。</p>\r\n\r\n<p>　　<strong>缘何创新药&ldquo;进院难&rdquo;？</strong></p>\r\n\r\n<p>　　&ldquo;进院药品需要药事委员会进行筛选。&rdquo;中国科学院院士、复旦大学附属中山医院院长樊嘉说，自2018年医保目录开始调整后，不少创新药进了医保，但进医保并不等于立刻进医院。</p>\r\n\r\n<p>　　那么，影响医疗机构配备药品的因素有哪些？</p>\r\n\r\n<p>　　&mdash;&mdash;临床对药品需求程度。&ldquo;某种药品能否被医院配备，主要取决于医院临床治疗方面对该药品的需求。&rdquo;胡善联认为，一般情况下，医院专业治疗强的领域越广泛、临床需求越迫切，相应的药品配备率越高。</p>\r\n\r\n<p>　　&mdash;&mdash;医院自身成本考虑。在实行药品&ldquo;零差价&rdquo;政策后，客观上药品配送、储存及损耗等都成为医院成本。</p>\r\n\r\n<p>　　&mdash;&mdash;医院考核压力。虽然国家相关部门已经出台政策，但个别地区对公立医院考核中，依然将谈判药品纳入&ldquo;药占比&rdquo;等考核指标，影响公立医院配备创新药的积极性。</p>\r\n\r\n<p>　　&mdash;&mdash;医院已配备药品种类存量。&ldquo;对一些已足额配备药品的医院来说，新增药品意味着需调出相同数量的品种。&rdquo;胡善联介绍，800张以上床位的公立医院，所配备的药品品规数不得超过1500种。</p>\r\n\r\n<p>　　&mdash;&mdash;同类药品的竞争。在同治疗领域内，相同治疗机理、不同厂家的药品数量多，药品配备进院面临着竞争，最终影响配备情况。</p>\r\n\r\n<p>　　&ldquo;近三年来，医保药品目录每年都有调整。&rdquo;中国药科大学教授丁锦希说，正是因为调整频率加快，新准入目录的药品数量增加，所以进院压力大、进展慢的问题才逐渐显现。可以说，&ldquo;进院难&rdquo;是医保改革后出现的&ldquo;阵痛&rdquo;。</p>\r\n\r\n<p>　　<strong>创新药&ldquo;进院&rdquo;并非一蹴而就</strong></p>\r\n\r\n<p>　　专家表示，相较于临床时间长的药品，新上市的创新药进院时会耗费更多时间，是一个循序渐进的过程。</p>\r\n\r\n<p>　　&mdash;&mdash;接纳新药需要时间。&ldquo;创新药进医保，既可以弥补用药空白，也能增加患者的选择范围。&rdquo;丁锦希说，但新药从上市到被接受和使用需要时间，包括临床医生对新药的认识、临床用药指南与规范的形成与修订等因素，都会对新药进院产生影响。</p>\r\n\r\n<p>　　&ldquo;进院也是一种竞争。&rdquo;君实生物总经理李宁说，有些药品在没有进入医保前，就被医院临采并使用，在进入医保后进院相对会比较容易，但如果医院从未采购过某个品牌的药品，进院时考量的因素会更多。</p>\r\n\r\n<p>　　&mdash;&mdash;新药配备按梯次推进。专家表示，相较于未纳入医保目录的药品，纳入医保目录的药品医院配备会明显加快。从机构规模上，技术水平高的大医院先配备，随后是中小型医院；从地域分布上，医疗资源集中的大城市率先配备，中西部地区随后。</p>\r\n\r\n<p>　　&ldquo;创新药是新药，随着临床对新药认识和接受程度的提升，采购医院的数量和用药患者的数量会出现提升。&rdquo;国家医保局有关负责人说，以2019年谈判新增的70个药品为例，在2020年第四季度，用药人次涨幅比第一季度超1倍的药品达61个。</p>\r\n\r\n<p>　　<strong>如何打通进院&ldquo;最后一公里&rdquo;？</strong></p>\r\n\r\n<p>　　为解决参保人员用药难的问题，不少地方已经开始探求可行之法。</p>\r\n\r\n<p>　　四川省对国家谈判药品实行单行支付药品管理，将价格昂贵、用药人群特定、用药指征明确、限定用量的药品纳入单行支付管理。在最新版医保药品目录中，四川省将88个药品纳入单行支付管理，包括治疗罕见病肺动脉高压的马昔腾坦、治疗乳腺癌的帕妥珠单抗等。</p>\r\n\r\n<p>　　&ldquo;由于罕见病患者数量少，罕见病药品的临床使用和医院配备会保持在一个较低水平。&rdquo;丁锦希说，此类药品可以实行特药管理，确保老百姓有渠道买到药。</p>\r\n\r\n<p>　　同时，多地充分利用零售药店的灵活性，采用医保药品在定点医院、定点药店共同供应的方法，保障参保人员用药可及性。</p>\r\n\r\n<p>　　樊嘉认为，打通创新药进院&ldquo;最后一公里&rdquo;需要政府、医院、药企等多方面的联合努力。要进一步完善政策为医疗机构松绑；药企也要加强对临床医生的指导，让他们尽快熟悉创新药；同时，医院也应当推动院内药品结构优化升级，以药品保障水平带动诊疗能力提升。</p>\r\n', 3, 38, 0, 0, '2021-04-08 20:28:24', '2021-04-08 20:28:24');
INSERT INTO `article` VALUES (37, '医保创新药“灵魂砍价”后缘何“进院难”', 1, '经向中国药学会了解，该数据的计算方法并不合理，其将全部等级和类型的医院纳入统计范围。实际上，很多医院并不具备为肿瘤患者提供医疗服务与治疗药品的能力，如一些基层医院、非肿瘤类的专科医院等，因此其得出的肿瘤创新药进院比例较低。', '<h1>医保创新药&ldquo;灵魂砍价&rdquo;后缘何&ldquo;进院难&rdquo;？</h1>\r\n\r\n<p>　<strong>　新华全媒+｜医保创新药&ldquo;灵魂砍价&rdquo;后缘何&ldquo;进院难&rdquo;？</strong></p>\r\n\r\n<p><a href=\"http://www.chinanews.com/photo/\" target=\"_self\"><img alt=\"点击进入下一页\" src=\"http://www.chinanews.com/cr/2021/0408/1100398562.jpg\" /></a></p>\r\n\r\n<p>　　新华社北京4月8日电&nbsp;<strong>题：医保创新药&ldquo;灵魂砍价&rdquo;后缘何&ldquo;进院难&rdquo;？</strong></p>\r\n\r\n<p>　　新华社记者彭韵佳、龚雯、陈席元</p>\r\n\r\n<p>　　日前，一组数据显示，截至2020年第三季度，2018-2019年纳入国家医保目录的肿瘤创新药，在1420家样本医院中，进院比例约为25%。这组数据引发了关于&ldquo;创新药进医院难&rdquo;的热议。</p>\r\n\r\n<p>　　这组数据如何得出？为什么会出现创新药&ldquo;进院难&rdquo;？医疗机构配备药品受哪些因素影响？如何打通进院&ldquo;最后一公里&rdquo;？记者采访了专家与业内人士。</p>\r\n\r\n<p>　　<strong>进院比例合理吗？</strong></p>\r\n\r\n<p>　　经向中国药学会了解，该数据的计算方法并不合理，其将全部等级和类型的医院纳入统计范围。实际上，很多医院并不具备为肿瘤患者提供医疗服务与治疗药品的能力，如一些基层医院、非肿瘤类的专科医院等，因此其得出的肿瘤创新药进院比例较低。</p>\r\n\r\n<p>　　复旦大学公共卫生学院教授胡善联认为，在适当的样本医院范围内，医院药品的进院比例可以显示药品进院和使用情况，但不能作为评价药品可及性高低的唯一标准。</p>\r\n\r\n<p>　　&ldquo;不同药品的进院比例本身就会存在差异。&rdquo;胡善联说，每种药品都有与其自身特点相符的进院比例，即使一些药品上市很久，其进院比例也会保持低位。</p>\r\n\r\n<p>　　<strong>缘何创新药&ldquo;进院难&rdquo;？</strong></p>\r\n\r\n<p>　　&ldquo;进院药品需要药事委员会进行筛选。&rdquo;中国科学院院士、复旦大学附属中山医院院长樊嘉说，自2018年医保目录开始调整后，不少创新药进了医保，但进医保并不等于立刻进医院。</p>\r\n\r\n<p>　　那么，影响医疗机构配备药品的因素有哪些？</p>\r\n\r\n<p>　　&mdash;&mdash;临床对药品需求程度。&ldquo;某种药品能否被医院配备，主要取决于医院临床治疗方面对该药品的需求。&rdquo;胡善联认为，一般情况下，医院专业治疗强的领域越广泛、临床需求越迫切，相应的药品配备率越高。</p>\r\n\r\n<p>　　&mdash;&mdash;医院自身成本考虑。在实行药品&ldquo;零差价&rdquo;政策后，客观上药品配送、储存及损耗等都成为医院成本。</p>\r\n\r\n<p>　　&mdash;&mdash;医院考核压力。虽然国家相关部门已经出台政策，但个别地区对公立医院考核中，依然将谈判药品纳入&ldquo;药占比&rdquo;等考核指标，影响公立医院配备创新药的积极性。</p>\r\n\r\n<p>　　&mdash;&mdash;医院已配备药品种类存量。&ldquo;对一些已足额配备药品的医院来说，新增药品意味着需调出相同数量的品种。&rdquo;胡善联介绍，800张以上床位的公立医院，所配备的药品品规数不得超过1500种。</p>\r\n\r\n<p>　　&mdash;&mdash;同类药品的竞争。在同治疗领域内，相同治疗机理、不同厂家的药品数量多，药品配备进院面临着竞争，最终影响配备情况。</p>\r\n\r\n<p>　　&ldquo;近三年来，医保药品目录每年都有调整。&rdquo;中国药科大学教授丁锦希说，正是因为调整频率加快，新准入目录的药品数量增加，所以进院压力大、进展慢的问题才逐渐显现。可以说，&ldquo;进院难&rdquo;是医保改革后出现的&ldquo;阵痛&rdquo;。</p>\r\n\r\n<p>　　<strong>创新药&ldquo;进院&rdquo;并非一蹴而就</strong></p>\r\n\r\n<p>　　专家表示，相较于临床时间长的药品，新上市的创新药进院时会耗费更多时间，是一个循序渐进的过程。</p>\r\n\r\n<p>　　&mdash;&mdash;接纳新药需要时间。&ldquo;创新药进医保，既可以弥补用药空白，也能增加患者的选择范围。&rdquo;丁锦希说，但新药从上市到被接受和使用需要时间，包括临床医生对新药的认识、临床用药指南与规范的形成与修订等因素，都会对新药进院产生影响。</p>\r\n\r\n<p>　　&ldquo;进院也是一种竞争。&rdquo;君实生物总经理李宁说，有些药品在没有进入医保前，就被医院临采并使用，在进入医保后进院相对会比较容易，但如果医院从未采购过某个品牌的药品，进院时考量的因素会更多。</p>\r\n\r\n<p>　　&mdash;&mdash;新药配备按梯次推进。专家表示，相较于未纳入医保目录的药品，纳入医保目录的药品医院配备会明显加快。从机构规模上，技术水平高的大医院先配备，随后是中小型医院；从地域分布上，医疗资源集中的大城市率先配备，中西部地区随后。</p>\r\n\r\n<p>　　&ldquo;创新药是新药，随着临床对新药认识和接受程度的提升，采购医院的数量和用药患者的数量会出现提升。&rdquo;国家医保局有关负责人说，以2019年谈判新增的70个药品为例，在2020年第四季度，用药人次涨幅比第一季度超1倍的药品达61个。</p>\r\n\r\n<p>　　<strong>如何打通进院&ldquo;最后一公里&rdquo;？</strong></p>\r\n\r\n<p>　　为解决参保人员用药难的问题，不少地方已经开始探求可行之法。</p>\r\n\r\n<p>　　四川省对国家谈判药品实行单行支付药品管理，将价格昂贵、用药人群特定、用药指征明确、限定用量的药品纳入单行支付管理。在最新版医保药品目录中，四川省将88个药品纳入单行支付管理，包括治疗罕见病肺动脉高压的马昔腾坦、治疗乳腺癌的帕妥珠单抗等。</p>\r\n\r\n<p>　　&ldquo;由于罕见病患者数量少，罕见病药品的临床使用和医院配备会保持在一个较低水平。&rdquo;丁锦希说，此类药品可以实行特药管理，确保老百姓有渠道买到药。</p>\r\n\r\n<p>　　同时，多地充分利用零售药店的灵活性，采用医保药品在定点医院、定点药店共同供应的方法，保障参保人员用药可及性。</p>\r\n\r\n<p>　　樊嘉认为，打通创新药进院&ldquo;最后一公里&rdquo;需要政府、医院、药企等多方面的联合努力。要进一步完善政策为医疗机构松绑；药企也要加强对临床医生的指导，让他们尽快熟悉创新药；同时，医院也应当推动院内药品结构优化升级，以药品保障水平带动诊疗能力提升。</p>\r\n', 3, 38, 0, 0, '2021-04-08 20:28:24', '2021-04-08 20:28:24');
INSERT INTO `article` VALUES (38, '广东惠阳举行叶挺将军等烈士罹难75周年纪念活动', 1, '中新网惠州4月8日电(陈婷 宋秀杰)4月8日是叶挺将军罹难75周年公祭日。叶挺将军的亲属代表、烈士亲属代表与社会各界人士齐集广东惠州市惠阳区秋长镇周田村叶挺将军纪念园，参加了在此间举行的叶挺、李秀文等“四·八”烈士遇难75周年纪念活动暨《叶挺家书里的家国情怀》开展仪式。', '<h1>广东惠阳举行叶挺将军等烈士罹难75周年纪念活动</h1>\r\n\r\n<p><img alt=\"广东惠阳举行叶挺将军等烈士罹难75周年纪念活动\" src=\"http://i2.chinanews.com/simg/ypt/2021/210408/f7b2b7e6-6124-4ddc-8a23-ee8230f512f6_zsite.jpg\" /></p>\r\n\r\n<p>&nbsp;&nbsp;&nbsp;&nbsp;图为广东惠州市惠阳区举行的叶挺、李秀文等&ldquo;四&middot;八&rdquo;烈士遇难75周年纪念活动暨《叶挺家书里的家国情怀》　宋秀杰　摄</p>\r\n\r\n<p>　　<a href=\"http://www.chinanews.com/\" target=\"_blank\">中新网</a>惠州4月8日电(陈婷 宋秀杰)4月8日是叶挺将军罹难75周年公祭日。叶挺将军的亲属代表、烈士亲属代表与社会各界人士齐集广东惠州市惠阳区秋长镇周田村叶挺将军纪念园，参加了在此间举行的叶挺、李秀文等&ldquo;四&middot;八&rdquo;烈士遇难75周年纪念活动暨《叶挺家书里的家国情怀》开展仪式。</p>\r\n\r\n<p><img alt=\"图为广东惠州市惠阳区举行的叶挺、李秀文等“四·八”烈士遇难75周年纪念活动暨《叶挺家书里的家国情怀》 宋秀杰 摄\" src=\"http://i2.chinanews.com/simg/ypt/2021/210408/825a3d1a-4f4b-47ca-8710-4d7fbb1d727a_zsite.jpg\" /></p>\r\n\r\n<p>图为广东惠州市惠阳区举行的叶挺、李秀文等&ldquo;四&middot;八&rdquo;烈士遇难75周年纪念活动暨《叶挺家书里的家国情怀》 宋秀杰 摄</p>\r\n\r\n<p>　　据介绍，叶挺1896年出生在广东惠州市惠阳区秋长镇周田村一个农民家庭，是中国人民解放军的创建人和新四军的领导人、杰出的军事家。</p>\r\n\r\n<p>　　1919年初追随孙中山参加革命；1925年9月任第四军独立团团长；1926年率领独立团参加北伐战争，被誉为&ldquo;北伐名将&rdquo;，所在团被称为&ldquo;叶挺独立团&rdquo;；1927年8月1日与周恩来、贺龙、朱德等一起领导南昌起义，担任前敌总指挥；1927年12月11日与张太雷、叶剑英等领导了广州起义，担任红军总司令；抗战爆发后，出任新四军军长。</p>\r\n\r\n<p><img alt=\"图为广东惠州市惠阳区举行的叶挺、李秀文等“四·八”烈士遇难75周年纪念活动暨《叶挺家书里的家国情怀》 宋秀杰 摄\" src=\"http://i2.chinanews.com/simg/ypt/2021/210408/03bbfc23-a52b-4897-8524-0c4a3c7da8e4_zsite.jpg\" /></p>\r\n\r\n<p>图为广东惠州市惠阳区举行的叶挺、李秀文等&ldquo;四&middot;八&rdquo;烈士遇难75周年纪念活动暨《叶挺家书里的家国情怀》 宋秀杰 摄</p>\r\n\r\n<p>　　1941年1月，叶挺在与国民党交涉皖南事件时被强行扣押，他在牢中书写的《囚歌》震惊中外。1946年3月4日，叶挺在中共中央的营救下获释。</p>\r\n\r\n<p>　　1946年4月8日，他从重庆赴延安出席全军整编会议途中，因飞机失事，在山西兴县黑茶山不幸罹难。与叶挺将军一起遇难的还有出席重庆国共谈判与政治协商会议的中共代表王若飞、秦邦宪，中共中央职工委员会书记邓发，教育家黄齐生和八路军军官与叶挺夫人李秀文及其子阿九、其女扬眉，以及4名美军驾驶人员。</p>\r\n\r\n<p><img alt=\"图为广东惠州市惠阳区举行的叶挺、李秀文等“四·八”烈士遇难75周年纪念活动暨《叶挺家书里的家国情怀》 宋秀杰 摄\" src=\"http://i2.chinanews.com/simg/ypt/2021/210408/70b0ab41-b44a-4e93-96fd-c53deb13f237_zsite.jpg\" /></p>\r\n\r\n<p>图为广东惠州市惠阳区举行的叶挺、李秀文等&ldquo;四&middot;八&rdquo;烈士遇难75周年纪念活动暨《叶挺家书里的家国情怀》 宋秀杰 摄</p>\r\n\r\n<p>　　同年4月19日，毛泽东、朱德、刘少奇、林伯渠、贺龙等领导与延安各界3万余人在东关飞机场隆重祭悼&ldquo;四&middot;八&rdquo;烈士，全国各地也对&ldquo;四&middot;八&rdquo;烈士进行了沉痛的悼念。</p>\r\n\r\n<p>　　在此开展的《叶挺家书里的家国情怀》，是通过《亲情家书篇》《丹心书札篇》《大义手札篇》《初心尺素篇》共4个主题12封家书信件手札，其中，叶挺的女儿叶扬眉生前在重庆期间写给大哥叶正大的信和李秀文写给长子叶正大的家信感人肺腑，催人泪下。让后人读懂叶挺将军深厚的家国情怀。</p>\r\n\r\n<p><img alt=\"图为广东惠州市惠阳区举行的叶挺、李秀文等“四·八”烈士遇难75周年纪念活动暨《叶挺家书里的家国情怀》 宋秀杰 摄\" src=\"http://i2.chinanews.com/simg/ypt/2021/210408/373f44d2-350a-45c6-89d6-ea207bfc41e8_zsite.jpg\" /></p>\r\n\r\n<p>图为广东惠州市惠阳区举行的叶挺、李秀文等&ldquo;四&middot;八&rdquo;烈士遇难75周年纪念活动暨《叶挺家书里的家国情怀》 宋秀杰 摄</p>\r\n\r\n<p>　　据了解，叶挺纪念馆是全国爱国主义教育示范基地、全国首批100个红色旅游经典景区之一、国家AAAA级旅游景区，全国侨联爱国主义教育基地、中国游客最喜爱(满意)红色旅游景点，广东省国防教育基地、廉政教育基地、党员现场教学基地、中共党史教育基地，环境教育基地、中小学生研学实践教育基地等。平均年接待游客量近80万人次。(完)</p>\r\n', 5, 32, 0, 0, '2021-04-08 20:13:43', '2021-04-08 20:13:43');
INSERT INTO `article` VALUES (39, '西藏武警官兵缅怀英烈 坚定守护高原信念', 1, '中新网拉萨4月4日电 (石开群 谢牧)清明节期间，驻守川藏、新藏公路的武警第二机动总队某支队官兵走进千里雪域“天路”沿线的10余座烈士陵园开展祭扫活动。', '<h1>西藏武警官兵缅怀英烈 坚定守护高原信念</h1>\r\n\r\n<p><img alt=\"西藏武警官兵缅怀英烈坚定守护高原信念\" src=\"http://i2.chinanews.com/simg/ypt/2021/210404/133016640_zsite.jpg\" /></p>\r\n\r\n<p>&nbsp;&nbsp;&nbsp;&nbsp;图为官兵向烈士献花。武警第二机动总队某支队供图</p>\r\n\r\n<p>　　<a href=\"http://www.chinanews.com/\" target=\"_blank\">中新网</a>拉萨4月4日电 (石开群 谢牧)清明节期间，驻守川藏、新藏公路的武警第二机动总队某支队官兵走进千里雪域&ldquo;天路&rdquo;沿线的10余座烈士陵园开展祭扫活动。</p>\r\n\r\n<p><img alt=\"图为官兵们深情缅怀烈士。武警第二机动总队某支队供图\" src=\"http://i2.chinanews.com/simg/ypt/2021/210404/133016650_zsite.jpg\" /></p>\r\n\r\n<p>图为官兵们深情缅怀烈士。武警第二机动总队某支队供图</p>\r\n\r\n<p>　　&ldquo;革命烈士永垂不朽&rdquo;八个大字巍然矗立在雪山下的座座纪念碑上。官兵们深情缅怀在解放西藏、卫国戍边、修筑&ldquo;天路&rdquo;和为疆藏建设献出宝贵生命的英烈，其中也有他们曾经朝夕相处、并肩作战的亲密战友。</p>\r\n\r\n<p><img alt=\"图为官兵向牺牲的指导员致敬。武警第二机动总队某支队供图\" src=\"http://i2.chinanews.com/simg/ypt/2021/210404/133016660_zsite.jpg\" /></p>\r\n\r\n<p>图为官兵向牺牲的指导员致敬。武警第二机动总队某支队供图</p>\r\n\r\n<p>　　在祭奠活动中，官兵精心清扫墓地，向烈士们鞠躬默哀、献花，深情祭奠英灵，以表达对革命先烈的哀思和敬仰。</p>\r\n\r\n<p>　　&ldquo;入伍二十余年，每次扫墓都能受到灵魂的洗礼。&rdquo;老兵何剑波说，这更加坚定我们扎根高原、卫国戍边的信念。</p>\r\n\r\n<p><img alt=\"图为官兵们打扫烈士墓地。武警第二机动总队某支队供图\" src=\"http://i2.chinanews.com/simg/ypt/2021/210404/133016670_zsite.jpg\" /></p>\r\n\r\n<p>图为官兵们打扫烈士墓地。武警第二机动总队某支队供图</p>\r\n\r\n<p>　　&ldquo;指导员，我今年就要退伍了，这可能是最后一次来看你了。&rdquo;已经在高原上服役16年的战士桂敏特意从左贡县来到芒康县烈士陵园，他一直忘不了在抢险救援中牺牲的指导员袁耀武，含着眼泪向他的指导员袁耀武告别：&ldquo;请您放心，战友们一定会把国道养护得更好，让我们的道路更加安全畅通。&rdquo;</p>\r\n\r\n<p><img alt=\"图为在波密烈士陵园官兵们向烈士默哀。武警第二机动总队某支队供图\" src=\"http://i2.chinanews.com/simg/ypt/2021/210404/133016680_zsite.jpg\" /></p>\r\n\r\n<p>图为在波密烈士陵园官兵们向烈士默哀。武警第二机动总队某支队供图</p>\r\n\r\n<p>　　在活动现场，该支队官兵纷纷表示：革命先烈用鲜血和生命换来了今天的和平，我们一定继承和发扬&ldquo;老西藏&rdquo;精神和&ldquo;两路&rdquo;精神，忠诚履行使命，守护西藏的幸福繁荣，扎根雪域高原建功立业。(完)</p>\r\n', 4, 34, 0, 0, '2021-04-08 20:15:47', '2021-04-08 20:15:47');
INSERT INTO `article` VALUES (40, '“拔尖计划”成高校热议词 基础学科人才如何“拔”？', 1, '“我国的化学学科目前已不落国际同行之后，以ESI排名为参考的话，化学学科全球排名前100名中，中国高校占据二三十席。”山东大学本科生院副院长张树永认为，改革开放40多年来，我国基础学科发展已取得可喜成绩，所培养的人才，不少已在国际科学界崭露头角。张树永介绍，在国外知名大学从事基础学科研究的学者中，华裔尤其是中国籍科学家比例不低，其中不乏知名专家。', '<h1>&ldquo;拔尖计划&rdquo;成高校热议词 基础学科人才如何&ldquo;拔&rdquo;？</h1>\r\n\r\n<p>　　<strong>基础学科人才，高校何以拔尖？</strong></p>\r\n\r\n<p>　　半月谈记者 王莹 萧海川 俞菀 李伟</p>\r\n\r\n<p>　　加强基础学科拔尖学生培养，是&ldquo;十四五&rdquo;规划的明确要求。当前，&ldquo;拔尖计划&rdquo;也是各大高校深思热议的关键词。在种种基础学科拔尖人才培养计划如雨后春笋纷纷问世之际，我们需要打量一下，&ldquo;拔尖&rdquo;究竟应该怎么&ldquo;拔&rdquo;？</p>\r\n\r\n<p>　　<strong>让人才在本土获得一流培养</strong></p>\r\n\r\n<table align=\"left\" border=\"0\" cellpadding=\"0\" cellspacing=\"0\">\r\n	<tbody>\r\n		<tr>\r\n			<td>&nbsp;</td>\r\n		</tr>\r\n	</tbody>\r\n</table>\r\n\r\n<p>&nbsp;</p>\r\n\r\n<p>　　&ldquo;我国的化学学科目前已不落国际同行之后，以ESI排名为参考的话，化学学科全球排名前100名中，中国高校占据二三十席。&rdquo;山东大学本科生院副院长张树永认为，改革开放40多年来，我国基础学科发展已取得可喜成绩，所培养的人才，不少已在国际科学界崭露头角。张树永介绍，在国外知名大学从事基础学科研究的学者中，华裔尤其是中国籍科学家比例不低，其中不乏知名专家。</p>\r\n\r\n<p>　　本土培养的基础学科优秀人才，能否在本土获得接轨国际水准的深造条件？自1991年教育部设立&ldquo;国家理科基础科学研究和教学人才培养基地&rdquo;以来，这样的探索在国家与高校层面一直在推进，&ldquo;珠峰计划&rdquo;&ldquo;拔尖计划&rdquo;&ldquo;强基计划&rdquo;&hellip;&hellip;我国基础学科人才培养支持力度不断加大，许多高校结合自身优长，纷纷试点不同类型的基础学科培养实验班。</p>\r\n\r\n<p>　　付出已见回报。不少&ldquo;双一流&rdquo;高校逐渐摸索出培养基础学科优秀人才的经验。&ldquo;我们的首要经验，是帮助学生认清基础学科在国家战略中的真正作用，培养出勇于攀登，能够在基础研究中站到顶峰、引领世界的杰出科学家。&rdquo;华中科技大学物理学院院长陈相松说。</p>\r\n\r\n<p>　　<strong>探索期矛盾仍待化解</strong></p>\r\n\r\n<p>　　不少受访师生向半月谈记者反映，基础学科拔尖人才培养计划从项目目标、选拔过程，到课程体系，实践中仍存在多重矛盾。当下各高校基础学科培养方案多数仍以造就科研人员为导向，在当前就业形势下，市场适配性与职业竞争力不足的短板更显突出，&ldquo;培养浪费&rdquo;未可忽视。</p>\r\n\r\n<p>　　&mdash;&mdash;国家规范性与专业特殊性的矛盾。中部地区某高校历史文化学院一位副院长表示，国家为基础学科发展设立统一规范，有其必要，但若在落实中简化为&ldquo;一刀切&rdquo;，就可能削弱专业在拔尖人才培养探索中的积极性与主动性。比如说&ldquo;书院制&rdquo;培养方式就未必适合所有学科，若强行推广，可能事倍功半。</p>\r\n\r\n<p>　　&mdash;&mdash;科研与教学的矛盾。国内基础学科存在重科研、轻教学的倾向。国内高等院校的校长，数学专业、化学专业比例不低，主要是科研做得好。&ldquo;现在担心教师对教学不够上心，毕竟国家级科研奖励每年评选一次，并且奖励力度更大。&rdquo;一位东部高校的相关负责人说，基础学科教学分量未得到充分体现，国内高校有教学经验、有管理教学能力的人越来越少。&ldquo;甚至有分管教学的副院长，多年不参加国内相关学科的教学研讨会。&rdquo;</p>\r\n\r\n<p>　　&mdash;&mdash;回报长期性与需求功利性的矛盾。部分高校管理人员反映，目前基础学科人才培养还看不到真正体现专业与耐心的长期规划。各种名目的&ldquo;计划&rdquo;三五年一变，考核指标屡屡&ldquo;变风向&rdquo;，培养单位往往无所适从。同时，教师和学生也存在功利化心态。受制于教师评价&ldquo;五唯&rdquo;问题仍不同程度存在，基础学科教师难于安心投入人才培养，也就无从扶植学生的学术热忱和创新兴趣；另一方面，一些教师发现，部分学生考入实验班动机只为获取资源，打造光鲜简历，毕业后即告别科学。</p>\r\n\r\n<p>　　&mdash;&mdash;理想与现实的矛盾。对学生而言，当下留守基础学科研究与投身热门行业待遇差别较大，基础研究短期收益不彰。不止一位受访学生表示，理解国家对战略科技的迫切需要，但就业问题仍是他们最大关切。另外，不少高校培养拔尖人才的具体方式缺乏差异化安排，课程同质化、要求一刀切，让学生对专业心生厌倦。</p>\r\n\r\n<p>　　&ldquo;基础学科人才培养不只是部属院校的事，省属高校同样需要拔尖人才，但我们的安排没跟上啊！&rdquo;某省属高校学生工作处相关负责人说，学校设有国家重点实验室，拥有院士领衔的科研团队，具备集聚人才、集中攻关的条件，但推荐免试研究生、直博名额一直不足。该校2019届本科毕业生7000多人，近400人具备推荐免试研究生资格，学校校内保送仅有120个名额。</p>\r\n\r\n<p>　　<strong>&ldquo;拔尖&rdquo;应该怎么&ldquo;拔&rdquo;</strong></p>\r\n\r\n<p>　　相关专家表示，当下正是基础学科拔尖人才培养模式深化改革之机，各方应统筹施策，不断提升人才培养质量。</p>\r\n\r\n<p>　　一是加强高中和大学的人才培养衔接。张树永等专家认为，创新型科研人才要从青少年抓起，对有兴趣、学有余力的高中生，可投入高校资源，结合&ldquo;大学先修课&rdquo;等模式，提前对拔尖人才进行引导性培养。</p>\r\n\r\n<p>　　二是明确培养标准，改革培养模式。部分专家建议，各个学科应当明确自己的&ldquo;拔尖&rdquo;标准，亦即明确培养规格和标准。在此基础上，给予高校在具体培养机制上更多&ldquo;话语权&rdquo;，保障培养规格的实现。东北大学理学院物理系主任公卫江等建议，改革应该是立体化设计，要把本科生导师制、深化学分制改革和国际国内、跨学科联合培养等有机统合起来。</p>\r\n\r\n<p>　　三是不能被&ldquo;就业率&rdquo;束缚住基础学科人才培养的翅膀。基础学科领域人才培养，不能用&ldquo;就业率&rdquo;一把尺子衡量成效， 培养能够坐得住冷板凳的拔尖创新型研究人才，英才、天才与&ldquo;偏才、怪才&rdquo;都要有发挥余地。</p>\r\n\r\n<p>　　具体而言，数量上要减少规模，走少而精的道路；质量方面则应在培养计划中明确制定出符合学生个人特性和学习能力的个性化学习方案，以多元化扶助让学生尽快适应和融入专业学习进程，实现在科教融合中培养高质量创新人才的目标。(刊于《半月谈》2021年第6期)</p>\r\n', 4, 35, 0, 0, '2021-04-08 20:17:36', '2021-04-08 20:17:36');
INSERT INTO `article` VALUES (41, '你的医保个人账户能给家人用了', 1, '中新网客户端北京4月8日电(记者 李金磊)职工医保将迎来重大变化.4月7日召开的国务院常务会议，确定建立健全职工基本医保门诊共济保障机制的措施，拓宽个人账户资金使用范围，减轻群众医疗负担。具体来看，职工医保主要有4个方面的变化。', '<h1>你的医保个人账户能给家人用了！职工医保迎大变化</h1>\r\n\r\n<p>　　<a href=\"http://www.chinanews.com/\" target=\"_blank\">中新网</a>客户端北京4月8日电(记者 李金磊)职工医保将迎来重大变化。</p>\r\n\r\n<p>　　4月7日召开的国务院常务会议，确定建立健全职工基本医保门诊共济保障机制的措施，拓宽个人账户资金使用范围，减轻群众医疗负担。具体来看，职工医保主要有4个方面的变化。</p>\r\n\r\n<p><img alt=\"资料图：某医院门诊楼。 &lt;a target=\'_blank\' href=\'http://www.chinanews.com/\'&gt;中新社&lt;/a&gt;记者 殷立勤 摄 \" src=\"http://i2.chinanews.com/simg/cmshd/2021/04/08/caea95728a374afc9b5109c6efc01bf1.jpg\" /></p>\r\n\r\n<p>资料图：某医院门诊楼。&nbsp;<a href=\"http://www.chinanews.com/\" target=\"_blank\">中新社</a>记者 殷立勤 摄</p>\r\n\r\n<p>　　<strong>将更多门诊费用纳入医保报销</strong></p>\r\n\r\n<p>　　会议指出，我国新一轮医改建立了世界上规模最大、惠及十多亿人的基本医保网，对减轻群众就医负担、缓解看病贵发挥了重要作用。近年来，又将涉及众多患者的高血压、糖尿病等门诊慢特病纳入医保报销。下一步要深化医改，增强职工基本医保互助共济保障功能，将更多门诊费用纳入医保报销，进一步减轻患者负担。</p>\r\n\r\n<p>　　会议确定，逐步将部分对健康损害大、费用负担重的门诊慢特病和多发病、常见病普通门诊费用纳入统筹基金支付。政策范围内支付比例从50%起步，适当向退休人员倾斜，今后随基金承受能力增强逐步提高保障水平。</p>\r\n\r\n<p>　　国家医保局的数据显示，截至2020年底，参加职工基本医疗保险人数34423万人，比上年同期增加1498万人，增幅4.6%；在参加职工基本医疗保险人数中，在职职工25398万人，退休职工9025万人。</p>\r\n\r\n<p>　　此前，基本医保制度是以保住院为重心，2019年职工医保的住院政策范围内医疗费用报销比例达到80%以上，但是门诊保障比较薄弱，大部分门诊费用主要通过个人账户来支付。但个人账户的钱比较少，有些常见病费用很高，单靠个人账户无法支付。</p>\r\n\r\n<p>　　因此，将更多门诊费用纳入医保报销，有助于减轻参保人员的就医负担。</p>\r\n\r\n<p><img alt=\"资料图：患者进入医院就诊 蔡俊 摄 \" src=\"http://i2.chinanews.com/simg/cmshd/2021/04/08/3fed5549a93844e19e05fdbda6fe38e4.jpg\" /></p>\r\n\r\n<p>资料图：患者进入医院就诊 蔡俊 摄</p>\r\n\r\n<p>　　<strong>单位缴费不再计入个人账户</strong></p>\r\n\r\n<p>　　会议确定，改进个人账户计入办法。在职职工个人缴费仍计入本人个人账户，单位缴费全部计入统筹基金；退休人员个人账户由统筹基金按定额划入，划入额度逐步调整到统筹地区实施此项改革当年基本养老金平均水平的2%左右。</p>\r\n\r\n<p>　　改革前，医保个人缴费的全部和单位缴费的30%计入个人账户。而改革后，对于在职职工来说，单位缴费部分全部计入统筹基金，不再划入个人账户，个人账户只有个人缴费划入了。</p>\r\n\r\n<p>　　如此一来，进入到个人账户的钱就变少了，那这一部分钱用到哪里了呢？</p>\r\n\r\n<p>　　国家医保局2020年8月发布的《关于建立健全职工基本医疗保险门诊共济保障机制的指导意见(征求意见稿)》曾指出，调整统账结构后减少划入个人账户的基金主要用于支撑健全门诊共济保障，提高门诊待遇。</p>\r\n\r\n<p>　　中国社科院世界社保研究中心执行研究员张盈华此前对<a href=\"http://www.chinanews.com/\" target=\"_blank\">中新网</a>记者表示，取消单位缴费划转个人账户部分，意味着医保基金社会统筹部分加大，增强了健康人向患病者的共济，对于健康者来说，日后自己生病也可获得来自社会成员之间更多的共济。</p>\r\n\r\n<p><img alt=\"资料图：民众在青海一家医院窗口刷卡缴费。　张添福 摄 \" src=\"http://i2.chinanews.com/simg/cmshd/2021/04/08/db38a118fbdf48029154cbc60deffc48.jpg\" /></p>\r\n\r\n<p>资料图：民众在青海一家医院窗口刷卡缴费。　张添福 摄</p>\r\n\r\n<p>　　<strong>个人账户可以给家属用了</strong></p>\r\n\r\n<p>　　会议确定，拓宽个人账户使用范围，允许家庭成员共济，可用于支付在定点医疗机构就医，以及在定点零售药店购买药品、医疗器械和医用耗材发生的由个人负担费用，探索用于家属参加城乡居民基本医保等个人缴费。</p>\r\n\r\n<p>　　这意味着，进入到个人账户的钱变少了，但是个人账户使用范围扩大了。</p>\r\n\r\n<p>　　之前，个人账户只能支付职工本人的医疗费用，大部分健康人群个人账户大量结余，而少部分年老、体弱人群个人账户入不敷出、个人负担沉重。改革后，将扩大到可以支付职工配偶、父母、子女的个人负担费用。</p>\r\n\r\n<p>　　清华大学医院管理研究院教授杨燕绥认为，医疗保险本质是社会互济，但个人账户共济能力差，年轻人、健康人用不了，老年人不够用，个人账户使用范围扩大，有助于加强家庭互济，一人参保保全家。</p>\r\n\r\n<p><img alt=\"资料图：市民在医院门诊大厅间隔排队挂号。&lt;a target=\'_blank\' href=\'http://www.chinanews.com/\'&gt;中新社&lt;/a&gt;记者 杨迪 摄 \" src=\"http://i2.chinanews.com/simg/cmshd/2021/04/08/75a926dc24b94da9b3396297e5eb9e48.jpg\" /></p>\r\n\r\n<p>资料图：市民在医院门诊大厅间隔排队挂号。<a href=\"http://www.chinanews.com/\" target=\"_blank\">中新社</a>记者 杨迪 摄</p>\r\n\r\n<p>　　<strong>加强医保基金监督管理</strong></p>\r\n\r\n<p>　　会议确定，加强医保基金监督管理，完善稽核、内控等制度，严肃查处虚假住院、欺诈骗保等违法违规行为，完善与门诊共济保障相适应的付费机制。</p>\r\n\r\n<p>　　医保基金是老百姓的看病钱、救命钱，有人却把医保基金看成&ldquo;唐僧肉&rdquo;，想方设法从中&ldquo;滴漏渗透&rdquo;，骗取医保基金。</p>\r\n\r\n<p>　　数据显示，2020年，60余万家定点医药机构被检查，40余万家违法违规违约定点医药机构被处理，223.1亿元医保基金被追回。一半以上的定点医药机构曾在不同程度上存在基金使用问题。</p>\r\n\r\n<p>　　随着加强医保基金监督管理，骗保等违法违规行为将受到更大力度的&ldquo;强监管&rdquo;。</p>\r\n\r\n<p>　　记者注意到，2021年政府工作报告提出，建立健全门诊共济保障机制，逐步将门诊费用纳入统筹基金报销。根据国务院印发的《关于落实〈政府工作报告〉重点工作分工的意见》，此项工作由国家医保局牵头，财政部等按职责分工负责，5月底前出台相关政策，年内持续推进。(完)</p>\r\n', 4, 36, 0, 0, '2021-04-08 20:24:35', '2021-04-08 20:24:35');
INSERT INTO `article` VALUES (44, '花370万买房发现不能住人 中介说是“类住宅”', 1, '张靓在一个多月前看中了中闽大厦的一套精装修房。虽然知道房子的产权性质为非住宅，但是中介告诉她房子是“商改住”，而且房子的装修和普通住宅并无区别，客厅、卧室、厨房、卫生间等一应俱全，让她以为这套房子就是既可办公又可居住的“商住房”。  　　等她签完合同交了15万元定金之后，才从大厦物业处意外得知，这房子是纯写字楼，根本就不能住人。这究竟是怎么一回事？', '<h1>花370万买房发现不能住人 中介说是&ldquo;类住宅&rdquo;</h1>\r\n\r\n<p><strong>　　杭州美女花370万买房，发现不能住人</strong></p>\r\n\r\n<p><strong>　　中介说是&ldquo;类住宅&rdquo;，但有关部门明确规划用途为商场、商务、娱乐、综合楼</strong></p>\r\n\r\n<p>　　本报记者 蒋敏华</p>\r\n\r\n<p>　　&ldquo;之前一直跟我说这是商住楼，可以住人。可是签订合同之后才发现这是写字楼，根本就没法住人。&rdquo;近日，杭州市民张靓(化名)向钱江晚报投诉，讲述了一次糟心的买房经历。</p>\r\n\r\n<table align=\"left\" border=\"0\" cellpadding=\"0\" cellspacing=\"0\">\r\n	<tbody>\r\n		<tr>\r\n			<td>&nbsp;</td>\r\n		</tr>\r\n	</tbody>\r\n</table>\r\n\r\n<p>&nbsp;</p>\r\n\r\n<p>　　张靓在一个多月前看中了中闽大厦的一套精装修房。虽然知道房子的产权性质为非住宅，但是中介告诉她房子是&ldquo;商改住&rdquo;，而且房子的装修和普通住宅并无区别，客厅、卧室、厨房、卫生间等一应俱全，让她以为这套房子就是既可办公又可居住的&ldquo;商住房&rdquo;。</p>\r\n\r\n<p>　　等她签完合同交了15万元定金之后，才从大厦物业处意外得知，这房子是纯写字楼，根本就不能住人。这究竟是怎么一回事？</p>\r\n\r\n<p>　　被精装修打动</p>\r\n\r\n<p>　　看房当天就匆忙下单</p>\r\n\r\n<p>　　不久前，张靓在微信朋友圈看到了中介转发的一条中闵大厦1805售房信息。2月24日，张靓约了中介前往中闽大厦看房。</p>\r\n\r\n<p>　　由于张靓目前已经没有购房资格，只能购买不限购的非住宅。&ldquo;我反复向中介表达过，买房是为了改善居住，就算产权不是住宅，但是必须具备居住使用功能。&rdquo;张靓强调说。</p>\r\n\r\n<p>　　中闽大厦1805建筑面积135m2，三房两卫格局，全新装修。&ldquo;看了房子之后，实话实说我还是很满意的，尤其是装修。&rdquo;张靓说，当天她就签订了定金合同，房价也由380多万元(不含车位)的挂牌价砍到了372万元(含车位)。签完合同，张靓向房东转账了15万元定金，并向中介预付了1万元中介费。</p>\r\n\r\n<p>　　3月1日，张靓与房东签订了正式合同并完成网签。合同约定，张靓须于5月30日之前支付首付款，违约金为房屋总价的20%。张靓爽快地在合同上签了字。</p>\r\n\r\n<p>　　被物业告知不能住人</p>\r\n\r\n<p>　　想解除合同却被房东拒绝</p>\r\n\r\n<p>　　可是3月20日那天，张靓被一个消息吓懵了。物业告诉她，这房子只能用来办公，不允许住人。如果业主一定要居住的话，就会被强行驱赶。</p>\r\n\r\n<p>　　之前不是说这是可以住人的&ldquo;商住楼&rdquo;吗？感到大事不妙的张靓，立即找中介和房东理论。然而，房东坚持认为这房子可以住人。&ldquo;房东说物业只是保姆，根本就没有权力赶人。还说我为什么不跟物业说，是在这里办公呢？&rdquo;张靓说。</p>\r\n\r\n<p>　　此外，张靓还发现，由于不能住人，中闽大厦的房子卖价都很低。比如中闽大厦1605，户型和1805几乎完全一样，之前的挂牌价是1.7万元/m2(含车位)，而1805成交单价却高达2.75万元/m2(含车位)。张靓觉得，这事情的背后并不简单。</p>\r\n\r\n<p>　　事发后，张靓找房东应先生一共协商过三次。张靓希望解除合同，并表示愿意赔偿房东3万元。不过，应先生没有接受这一条件。&ldquo;如果要解除合同，违约金是房屋总价的20%。&rdquo;</p>\r\n\r\n<p>　　据中介事后反馈的信息，房东要求的赔偿底线应该不低于50万元。</p>\r\n\r\n<p>　　有意隐瞒事实？</p>\r\n\r\n<p>　　更多疑点浮出水面</p>\r\n\r\n<p>　　中闽大厦不能住人，难道是物业的一面之词？3月26日，中闽大厦物业管理处负责人吴先生告诉钱报记者：&ldquo;中闽大厦一直以来就是写字楼，要想长住的话肯定不行。有关部门也会定期要求我们检查，一旦发现有住人的情况就会上报并进行处理。&rdquo;</p>\r\n\r\n<p>　　&ldquo;6楼在前几年经过有关部门审批，消防设施进行了改造，现在租给周边一些饭店当集体宿舍。他们白天都要上班，晚上才回来住，并且里面也不能做饭。&rdquo;吴先生表示，除了6楼经过审批改造，目前中闽大厦没有一户是用来住人的。</p>\r\n\r\n<p>　　物业管理处工作人员方女士还向钱报记者提供了一个信息。&ldquo;房东这套房子是在去年7月买入的，一买下就进行了装修。装修前要来物业报备，他们之前也没有说是要装修成家庭居住使用。后来有其他业主反映，1805装修成住宅了，我也上去看过。我告诉他们这里是不能住人的，可对方说他们是装修公司，这房子是用来做样板房，过完年就会把公司搬过来。&rdquo;</p>\r\n\r\n<p>　　&ldquo;有人还委托我们制作公司企标和索引牌，现在都已经做好了。前段时间我才得知这房子卖了，看来公司不会搬过来了。&rdquo;方女士说。钱报记者注意到，一楼大堂索引牌上，这家装修公司为&ldquo;杭州三文鱼装饰有限公司&rdquo;。</p>\r\n\r\n<p>　　物业留底的合同信息显示，应先生于去年7月买入1805的合同总价是133万元，单价还不到1万元/m2。不过物业人员也表示，合同价应该是做低了，真实成交单价大概1.3万元/m2。&ldquo;1605之前也委托我们物业帮忙卖，挂牌价是1.7万元/m2，卖了一阵子几乎没人看房，现在租出去暂时不卖了。&rdquo;</p>\r\n\r\n<p>　　而在事后，张靓对房东的身份也开始起疑。&ldquo;杭州三文鱼装饰有限公司的股东之一正是房东应先生，持股50%。此外房东名下还有一家杭州概创网络科技有限公司，该公司又是公众号&lsquo;小宅新生&rsquo;的账号主体。&rdquo;张靓说。</p>\r\n\r\n<p>　　钱报记者通过天眼查，了解到确实如此。&ldquo;小宅新生&rdquo;公众号的简介是这样描述的：&ldquo;住宅置换咨询服务平台，二手房升值服务&rdquo;。</p>\r\n\r\n<p>　　也就是说，张靓遇到的是一个职业房东，对方很可能是一个团队在&ldquo;作战&rdquo;。事发后，&ldquo;小宅新生&rdquo;已删除多篇推文，其中不少推文的主题都是类似中闵大厦这类房子。</p>\r\n\r\n<p>　　有关部门：不能住人</p>\r\n\r\n<p>　　律师：买家可解除合同</p>\r\n\r\n<p>　　&ldquo;前几天我向杭州市住保房管局提出了书面申请，查询中闽大厦的规划用途。&rdquo;4月1日，张靓得到了答复：从验收合格证和建设规划许可证上看，用途是商场、商务、娱乐、综合楼。</p>\r\n\r\n<p>　　杭州市消防部门的一位工作人员告诉钱报记者：&ldquo;我们把办公室、厂房、店铺住人的行为，统称为&lsquo;三合一&rsquo;违法行为。涉及这类违法行为，消防、公安和住建等部门都可以管。如果有人住在以上三类场所，只要有人拨打12345反映，相关部门一定会前去查处。&rdquo;</p>\r\n\r\n<p>　　那么，中介在这一交易过程中，对这套房子有没有尽到审核义务？张靓看到中介发的中闽大厦1805宣传页面，是&ldquo;类住宅&rdquo;这种容易产生误导的字眼。</p>\r\n\r\n<p>　　提供居间服务的杭州启通房地产代理有限公司负责人倪先生解释：&ldquo;2月24日陪张靓去看房，那也是我第一次看到这套房子，根本就不知道物业不允许住人。&rdquo;</p>\r\n\r\n<p>　　据了解，杭州启通系杭州易居的合作门店，房屋买卖合同盖的是杭州易居的公章。&ldquo;这件事情我们要在调查之后，才能得出一个结论。&rdquo;4月6日下午，杭州易居法务人员向钱报记者表示，他们将对这一事件进行调查，了解相关中介人员在这一事件中有没有违规之处。</p>\r\n\r\n<p>　　&ldquo;纵观整个事件来看，即便房东和中介的行为构不成诈骗，但是把房子装修成家庭住宅，且没有向买家明确告知&lsquo;不能住人&rsquo;，显然产生了诱导，致使买家产生重大误解。基于这一事实，如果双方通过法律途径来解决争端的话，法院应该会支持买家解除合同的诉求。&rdquo;浙江圣银律师事务所张双鹏律师说。</p>\r\n\r\n<p>　　双方最终是否对簿公堂，法院又会如何判决，本报将继续关注这一事件的最新进展。</p>\r\n', 1, NULL, 0, 0, '2021-04-08 21:00:11', '2021-04-08 21:00:11');
INSERT INTO `article` VALUES (45, '李克强出席同美国工商界领袖对话会', 1, '国务院总理李克强4月13日在中南海紫光阁出席同美国工商界领袖视频对话会。美中贸易全国委员会和20余家美国知名跨国公司董事长和首席执行官参加。李克强同他们互动交流，并回答提问。美国前财政部长、鲍尔森基金会主席亨利 鲍尔森主持。', '<p>国务院总理李克强4月13日在中南海紫光阁出席同美国工商界领袖视频对话会。美中贸易全国委员会和20余家美国知名跨国公司董事长和首席执行官参加。李克强同他们互动交流，并回答提问。美国前财政部长、鲍尔森基金会主席亨利 鲍尔森主持。</p>\r\n\r\n<p><a href=\"http://www.chinanews.com/photo/\" target=\"_self\"><img alt=\"点击进入下一页\" src=\"http://i2.chinanews.com/simg/hnhd/2021/04/13/97/11966651711566635217.jpg\" /></a></p>\r\n\r\n<p>　　李克强表示，推动中美关系健康稳定发展，是两国人民和国际社会的共同期盼。要按照两国元首通话达成的共识，秉持不冲突不对抗、相互尊重、合作共赢精神，尊重彼此核心利益和重大关切，加强对话沟通，扩大务实合作，妥善管控分歧，推动中美关系向着总体稳定的方向迈进。</p>\r\n\r\n<p><a href=\"http://www.chinanews.com/photo/\" target=\"_self\"><img alt=\"点击进入下一页\" src=\"http://i2.chinanews.com/simg/hnhd/2021/04/13/46/5550279080091846446.jpg\" /></a></p>\r\n\r\n<p>　　李克强指出，中美作为世界上最大的发展中国家和最大的发达国家，合则两利、斗则俱伤。两国经贸关系的本质是互利共赢的，有利于两国人民福祉，有助于世界的和平稳定和发展繁荣。去年在多重冲击背景下，两国贸易额逆势增长，表明双方合作的条件和机遇是客观存在的，开展经贸合作是互有需要的。对于在合作中出现的问题，还要在合作中去解决。&ldquo;脱钩&rdquo;对谁都没有好处，也会伤害世界。希望双方相向而行，通过做大共同利益蛋糕来促进合作，维护产业链供应链安全稳定。</p>\r\n\r\n<p>　　李克强表示，坚持对外开放是中国的基本国策，中国对外开放的大门只会越开越大。我们加快构建新发展格局，一方面是要把国内市场的潜力不断释放，形成对经济增长和就业的稳定支撑，另一方面是让中国14亿人口的大市场更加开放，继续让中国成为外商投资的重要目的地、世界的大市场。我们将进一步主动对外开放，打造市场化、法治化、国际化营商环境，推进&ldquo;放管服&rdquo;改革，营造内外资企业一视同仁、公平竞争的市场环境。欢迎美国和世界各国企业积极参与中国改革开放和现代化进程，更好实现互利双赢共赢。</p>\r\n\r\n<p><a href=\"http://www.chinanews.com/photo/\" target=\"_self\"><img alt=\"点击进入下一页\" src=\"http://i2.chinanews.com/simg/hnhd/2021/04/13/53/7442920319204941441.jpg\" /></a></p>\r\n\r\n<p>　　李克强还回答了与会企业家提出的新冠肺炎疫情防控、应对气候变化、深化人文交流等方面的问题。</p>\r\n\r\n<p>　　美方代表表示，避免冲突对抗、推动美中关系重回建设性轨道，符合双方共同利益。经贸合作是美中关系的基石，&ldquo;脱钩&rdquo;将对美中两国和全世界带来巨大不稳定因素。美国工商界支持双方通过沟通增进互信，加强疫情防控、应对气候变化、可持续发展和创新等领域协调合作，尽快恢复人员交流和往来。美国企业对中国在扩大对外开放、优化营商环境方面取得的进展表示欢迎，看好中国发展前景和市场机遇，将继续致力于长期在华开展经贸投资等合作。</p>\r\n\r\n<p>　　王毅、何立峰等出席上述活动。</p>\r\n', 4, 43, 0, 0, '2021-04-14 10:26:30', '2021-04-14 10:26:30');
INSERT INTO `article` VALUES (46, '教育、医疗、住房…纪检监察机关持续深化专项治理', 1, '就业是民生之本。为避免“数字就业”“统计就业”等形式主义问题，新疆维吾尔自治区昌吉市纪委监委紧盯就业社保服务等重点环节，通过实地走访城区失业人员、城镇新增就业人员，查看台账、抽查核实等方式，了解技能培训、公益岗位、就业创业培训等政策措施落实情况，督促该市人社局建立“月上报、月更新”信息核实机制，做实就业统计数据动态监督管理工作。', '<h1>教育、医疗、住房&hellip;纪检监察机关持续深化专项治理</h1>\r\n\r\n<p>　　<strong>持续深化民生领域专项治理</strong></p>\r\n\r\n<p>　　本报讯(记者 侯颗)十九届中央纪委五次全会提出，持续整治群众身边腐败和不正之风，促进社会公平正义、保障群众合法权益。今年以来，各地纪检监察机关深化教育、医疗、就业、住房、养老等重点领域专项治理，推动解决人民群众的&ldquo;急难愁盼&rdquo;问题，保障民生实事落实到位。</p>\r\n\r\n<p>　　就业是民生之本。为避免&ldquo;数字就业&rdquo;&ldquo;统计就业&rdquo;等形式主义问题，新疆维吾尔自治区昌吉市纪委监委紧盯就业社保服务等重点环节，通过实地走访城区失业人员、城镇新增就业人员，查看台账、抽查核实等方式，了解技能培训、公益岗位、就业创业培训等政策措施落实情况，督促该市人社局建立&ldquo;月上报、月更新&rdquo;信息核实机制，做实就业统计数据动态监督管理工作。</p>\r\n\r\n<p>　　民生工作点多面广，与老百姓利益关系最密切，要瞄准群众感受最直接、反映最强烈的问题，找准病灶、靶向治理。四川省纪委监委重点在发改、住建、卫健等领域部署开展系统治理，集中整治管钱管物管人、管项目管资源管审批的单位存在的突出问题。该省纪委监委班子成员先后分赴各市州、相关省直部门进行实地调研、谈心谈话、政策宣讲，听取群众意见建议，对突出问题展开&ldquo;解剖式&rdquo;分析，细化治理项目。</p>\r\n\r\n<table align=\"left\" border=\"0\" cellpadding=\"0\" cellspacing=\"0\">\r\n	<tbody>\r\n		<tr>\r\n			<td>&nbsp;</td>\r\n		</tr>\r\n	</tbody>\r\n</table>\r\n\r\n<p>&nbsp;</p>\r\n\r\n<p>　　&ldquo;以住建领域为例，我们督促省住建厅开展问题楼盘专项治理，为21184户群众办理了不动产权证；印发规范全省住建系统资质审批有关工作的通知等，全面梳理优化审批流程和环节，发布清晰明确的申报指南，完善审批监督流程。&rdquo;四川省纪委监委有关负责人告诉记者。</p>\r\n\r\n<p>　　江苏省南京市纪检监察机关选取与群众利益密切相关的社保、医保等五个领域，按照&ldquo;一领域一专项&rdquo;推动监督、监管同向发力。在社会保障领域，组织开展困难群众兜底保障专项监督，督促市民政局聚焦低保金、尊老金发放，困难群众爱心消费券、价格临时补贴等七方面开展监督检查，发现错保、漏保、骗保及优亲厚友等问题线索420个、立案110人，督促补发尊老金270余万元。</p>\r\n\r\n<p>　　&ldquo;我们组织开展农村集体&lsquo;三资&rsquo;专项监督，以资金违规使用、资源资产违规处置、虚报冒领补贴补偿等&lsquo;小切口&rsquo;，严查&lsquo;跑冒滴漏&rsquo;&lsquo;优亲厚友&rsquo;等违纪违法问题。&rdquo;南京市纪委监委有关负责人介绍，同时开展养老机构补贴专项监督，彻查虚报冒领养老补贴问题，对审批过程中履职不力的严肃追责问责，推动规范补贴审核发放。</p>\r\n\r\n<p>　　针对学校违规收费、违规补课以及教师保障不到位等问题，江西省上饶市纪委监委向该市教育局党组下发纪检监察建议，推动治理社会事务&ldquo;进校园&rdquo;过滥问题，将检查考核评比等事项由176项减少到34项，精简率达80.7%；规范津补贴发放，落实补发乡镇教师各类补贴惠及教师9.3万余人。</p>\r\n\r\n<p>　　医疗保障基金是老百姓的&ldquo;保命钱&rdquo;，也是监督的重中之重。浙江省象山县纪委监委紧盯医疗领域突出问题，督促县卫健、医保等职能部门落实行业监管责任，堵塞制度漏洞，确保看住管好医疗领域中的小微权力。该县纪委监委派驻第三纪检监察组对药品&ldquo;带量采购&rdquo;开展全流程监督，督促相关部门规范采购流程，防范廉政风险。去年，该县共实施四批药品集中带量采购，涉及89种中标药品，药价平均降幅达53%。</p>\r\n', 5, NULL, 0, 0, '2021-04-14 10:28:05', '2021-04-14 10:28:05');
INSERT INTO `article` VALUES (47, 'Python 队列（Queue）作用和用法', 1, '队列可以并发的派多个线程，对排列的线程处理，并且每个需要处理线程只需要将请求的数据放入队列容器的内存中，线程不需要等待，当排列完毕处理完数据后，线程在准时来取数据即可。请求数据的线程只与这个队列容器存在关系，处理数据的线程down掉不会影响到请求数据的线程，队列会派给其他线程处理这分数据，它实现了解耦，提高效率。队列内会有一个有顺序的容器，列表与这个容器是有区别的，列表中数据虽然是排列的，但数据被取走后还会保留，而队列中这个容器的数据被取后将不会保留。当必须在多个线程之间安全地交换信息时，队列在线程编程中特别有用。', '<h1>Python 队列（Queue）作用和用法</h1>\r\n\r\n<h3>作用：</h3>\r\n\r\n<ul>\r\n	<li>\r\n	<p><strong>解耦</strong>： 使程序直接实现松耦合，修改一个函数，不会有串联关系。 提高处理效率：ＦＩＦＯ　＝　现进先出，ＬＩＦＯ　＝　后入先出。</p>\r\n	</li>\r\n	<li>\r\n	<p><strong>队列</strong>： <strong>队列可以并发的派多个线程</strong>，对排列的线程处理，并且每个需要处理线程只需要将请求的数据放入队列容器的内存中，线程不需要等待，当排列完毕处理完数据后，线程在准时来取数据即可。请求数据的线程只与这个队列容器存在关系，处理数据的线程<code>down</code>掉不会影响到请求数据的线程，队列会派给其他线程处理这分数据，它实现了解耦，提高效率。队列内会有一个有顺序的容器，列表与这个容器是有区别的，列表中数据虽然是排列的，但数据被取走后还会保留，而队列中这个容器的数据被取后将不会保留。<strong>当必须在多个线程之间安全地交换信息时，队列在线程编程中特别有用</strong>。</p>\r\n	</li>\r\n</ul>\r\n\r\n<p><strong>多线程尽量使用<code>Queue</code>而不是使用列表（<code>list</code>），因为列表的<code>pop()</code>和<code>push()</code>效果看起来和Queue的队列、栈一样，但<code>list</code>不是线程安全的</strong></p>\r\n\r\n<p>Python四种类型的队例：</p>\r\n\r\n<ul>\r\n	<li>\r\n	<p><code>Queue</code>：FIFO 即first in first out 先进先出</p>\r\n	</li>\r\n	<li>\r\n	<p><code>LifoQueue</code>：LIFO 即last in first out 后进先出</p>\r\n	</li>\r\n	<li>\r\n	<p><code>PriorityQueue</code>：优先队列，级别越低，越优先</p>\r\n	</li>\r\n	<li>\r\n	<p><code>deque</code>:双边队列</p>\r\n	</li>\r\n</ul>\r\n\r\n<p>导入三种队列</p>\r\n\r\n<pre>\r\n<code class=\"language-python\"> from queue import Queue,LifoQueue,PriorityQueue,deque</code></pre>\r\n\r\n<h2>Queue 先进先出队列：</h2>\r\n\r\n<p><strong>常用方法</strong>：</p>\r\n\r\n<ul>\r\n	<li>\r\n	<p><code>Queue.qsize()</code> 返回队列的大小</p>\r\n	</li>\r\n	<li>\r\n	<p><code>Queue.empty()</code>如果队列为空，返回<code>True</code>,反之<code>False</code></p>\r\n	</li>\r\n	<li>\r\n	<p><code>Queue.full()</code> 如果队列满了，返回<code>True</code>,反之<code>False</code>，<code>Queue.full</code> 与 <code>maxsize</code> 大小对应</p>\r\n	</li>\r\n	<li>\r\n	<p><code>Queue.get([block[, timeout]])</code>获取队列，<code>timeout</code>等待时间</p>\r\n	</li>\r\n	<li>\r\n	<p><code>Queue.get_nowait()</code> 相当于<code>Queue.get(False)</code>，非阻塞方法 <code>Queue.put(item)</code> 写入队列，<code>timeout</code>等待时间</p>\r\n	</li>\r\n	<li>\r\n	<p><code>Queue.task_done()</code> 在完成一项工作之后，<code>Queue.task_done()</code>函数向任务已经完成的队列发送一个信号。每个<code>get()</code>调用得到一个任务，接下来<code>task_done()</code>调用告诉队列该任务已经处理完毕。</p>\r\n	</li>\r\n	<li>\r\n	<p><code>Queue.join()</code>实际上意味着等到队列为空，再执行别的操作</p>\r\n	</li>\r\n</ul>\r\n\r\n<pre>\r\n<code class=\"language-python\"># 基本FIFO队列  先进先出 FIFO即First in First Out,先进先出\r\n# maxsize设置队列中，数据上限，小于或等于0则不限制，容器中大于这个数则阻塞，直到队列中的数据被消掉\r\nq = Queue(maxsize=0)\r\n ​\r\n#写入队列数据\r\nq.put(0)\r\nq.put(1)\r\nq.put(2)\r\n ​\r\n#输出当前队列所有数据\r\nprint(q.queue)\r\n#删除队列数据，并返回该数据\r\nq.get()\r\n#输也所有队列数据\r\nprint(q.queue)\r\n ​\r\n# 输出:\r\n# deque([0, 1, 2])\r\n# deque([1, 2])</code></pre>\r\n\r\n<h2>LifoOueue 后进先出队列：</h2>\r\n\r\n<pre>\r\n<code class=\"language-python\"># LIFO即Last in First Out,后进先出。与栈的类似，使用也很简单,maxsize用法同上\r\nlq = LifoQueue(maxsize=0)\r\n ​\r\n#队列写入数据\r\nlq.put(0)\r\nlq.put(1)\r\nlq.put(2)\r\n ​\r\n#输出队列所有数据\r\nprint(lq.queue)\r\n#删除队尾数据，并返回该数据\r\nlq.get()\r\n#输出队列所有数据\r\nprint(lq.queue)\r\n ​\r\n#输出:\r\n# [0, 1, 2]\r\n# [0, 1]</code></pre>\r\n\r\n<h2>优先队列：</h2>\r\n\r\n<pre>\r\n<code class=\"language-python\"> # 存储数据时可设置优先级的队列\r\n # 优先级设置数越小等级越高\r\n pq = PriorityQueue(maxsize=0)\r\n ​\r\n # 写入队列，设置优先级\r\n pq.put((9,\'a\'))\r\n pq.put((7,\'c\'))\r\n pq.put((1,\'d\'))\r\n ​\r\n # 输出队例全部数据\r\n print(pq.queue)\r\n ​\r\n # 取队例数据，可以看到，是按优先级取的。\r\n pq.get()\r\n pq.get()\r\n print(pq.queue)# 输出：[(9, \'a\')]</code></pre>\r\n\r\n<h2>双边队列：</h2>\r\n\r\n<pre>\r\n<code class=\"language-python\"> # 双边队列\r\n dq = deque([\'a\',\'b\'])\r\n ​\r\n # 增加数据到队尾\r\n dq.append(\'c\')\r\n # 增加数据到队左\r\n dq.appendleft(\'d\')\r\n ​\r\n # 输出队列所有数据\r\n print(dq)\r\n # 移除队尾，并返回\r\n print(dq.pop())\r\n # 移除队左，并返回\r\n print(dq.popleft())# 输出:deque([\'d\', \'a\', \'b\', \'c\'])</code></pre>\r\n\r\n<p>&nbsp;</p>\r\n', 1, NULL, 0, 0, '2021-04-16 15:19:52', '2021-04-16 15:19:52');

-- ----------------------------
-- Table structure for author
-- ----------------------------
DROP TABLE IF EXISTS `author`;
CREATE TABLE `author`  (
  `id` int(10) UNSIGNED NOT NULL AUTO_INCREMENT,
  `name` varchar(255) CHARACTER SET utf8mb4 COLLATE utf8mb4_bin NOT NULL,
  `head_pic_url` varchar(255) CHARACTER SET utf8mb4 COLLATE utf8mb4_bin NOT NULL,
  `tel` varchar(11) CHARACTER SET utf8mb4 COLLATE utf8mb4_bin NULL DEFAULT NULL,
  `accounts` varchar(255) CHARACTER SET utf8mb4 COLLATE utf8mb4_bin NOT NULL,
  `password` varchar(255) CHARACTER SET utf8mb4 COLLATE utf8mb4_bin NOT NULL,
  `c_time` timestamp(0) NOT NULL DEFAULT CURRENT_TIMESTAMP,
  `u_time` timestamp(0) NOT NULL DEFAULT CURRENT_TIMESTAMP ON UPDATE CURRENT_TIMESTAMP(0),
  PRIMARY KEY (`id`) USING BTREE
) ENGINE = InnoDB AUTO_INCREMENT = 1 CHARACTER SET = utf8mb4 COLLATE = utf8mb4_bin ROW_FORMAT = Dynamic;

-- ----------------------------
-- Records of author
-- ----------------------------
INSERT INTO `author` VALUES (1, 'waws', '../../static/blog/images/avatar.jpg', '16601203140', '16601203140', '123456', '2021-04-02 14:49:24', '2021-04-06 21:06:42');

-- ----------------------------
-- Table structure for category
-- ----------------------------
DROP TABLE IF EXISTS `category`;
CREATE TABLE `category`  (
  `id` int(11) UNSIGNED NOT NULL AUTO_INCREMENT,
  `category` varchar(255) CHARACTER SET utf8mb4 COLLATE utf8mb4_bin NOT NULL,
  `c_time` timestamp(0) NOT NULL DEFAULT CURRENT_TIMESTAMP,
  `u_time` timestamp(0) NOT NULL DEFAULT CURRENT_TIMESTAMP ON UPDATE CURRENT_TIMESTAMP(0),
  `parent_id` int(11) NULL DEFAULT NULL,
  PRIMARY KEY (`id`) USING BTREE
) ENGINE = InnoDB AUTO_INCREMENT = 11 CHARACTER SET = utf8mb4 COLLATE = utf8mb4_bin ROW_FORMAT = Dynamic;

-- ----------------------------
-- Records of category
-- ----------------------------
INSERT INTO `category` VALUES (1, 'python基础', '2021-03-30 10:08:18', '2021-03-30 10:08:18', NULL);
INSERT INTO `category` VALUES (2, '机器学习', '2021-03-30 10:08:22', '2021-03-30 10:11:19', NULL);
INSERT INTO `category` VALUES (3, '深度学习', '2021-03-30 10:09:20', '2021-03-30 10:09:23', NULL);
INSERT INTO `category` VALUES (4, '爬虫', '2021-03-30 10:09:38', '2021-03-30 10:09:38', NULL);
INSERT INTO `category` VALUES (5, '后端', '2021-03-30 10:09:54', '2021-03-30 10:09:54', NULL);
INSERT INTO `category` VALUES (6, '前端', '2021-03-30 10:10:01', '2021-03-30 10:10:01', NULL);
INSERT INTO `category` VALUES (7, '数据结构', '2021-03-30 10:10:09', '2021-03-30 10:10:09', NULL);
INSERT INTO `category` VALUES (8, '数据分析', '2021-03-30 10:10:17', '2021-03-30 10:10:17', NULL);
INSERT INTO `category` VALUES (9, 'nlp', '2021-03-30 10:10:33', '2021-03-30 10:10:33', NULL);
INSERT INTO `category` VALUES (10, 'CV', '2021-03-30 10:10:37', '2021-03-30 10:10:37', NULL);
INSERT INTO `category` VALUES (11, '推荐系统', '2021-03-30 10:10:58', '2021-03-30 10:10:58', NULL);

-- ----------------------------
-- Table structure for like
-- ----------------------------
DROP TABLE IF EXISTS `like`;
CREATE TABLE `like`  (
  `id` int(10) UNSIGNED NOT NULL AUTO_INCREMENT,
  `article_id` int(11) NOT NULL,
  `ip` varchar(255) CHARACTER SET utf8mb4 COLLATE utf8mb4_bin NOT NULL,
  `c_time` timestamp(0) NOT NULL DEFAULT CURRENT_TIMESTAMP,
  `u_time` timestamp(0) NOT NULL DEFAULT CURRENT_TIMESTAMP ON UPDATE CURRENT_TIMESTAMP(0),
  PRIMARY KEY (`id`) USING BTREE
) ENGINE = InnoDB AUTO_INCREMENT = 7 CHARACTER SET = utf8mb4 COLLATE = utf8mb4_bin ROW_FORMAT = Dynamic;

-- ----------------------------
-- Records of like
-- ----------------------------
INSERT INTO `like` VALUES (2, 44, '127.0.0.1', '2021-04-14 08:48:27', '2021-04-14 08:48:27');
INSERT INTO `like` VALUES (3, 41, '127.0.0.1', '2021-04-14 08:59:03', '2021-04-14 08:59:03');
INSERT INTO `like` VALUES (4, 15, '127.0.0.1', '2021-04-14 09:18:59', '2021-04-14 09:18:59');
INSERT INTO `like` VALUES (5, 34, '127.0.0.1', '2021-04-14 09:50:44', '2021-04-14 09:50:44');
INSERT INTO `like` VALUES (6, 17, '127.0.0.1', '2021-04-14 10:12:39', '2021-04-14 10:12:39');
INSERT INTO `like` VALUES (7, 47, '127.0.0.1', '2021-04-16 15:20:29', '2021-04-16 15:20:29');

-- ----------------------------
-- Table structure for picture
-- ----------------------------
DROP TABLE IF EXISTS `picture`;
CREATE TABLE `picture`  (
  `id` int(10) UNSIGNED NOT NULL AUTO_INCREMENT,
  `pic_url` varchar(255) CHARACTER SET utf8mb4 COLLATE utf8mb4_bin NOT NULL,
  PRIMARY KEY (`id`) USING BTREE
) ENGINE = InnoDB AUTO_INCREMENT = 43 CHARACTER SET = utf8mb4 COLLATE = utf8mb4_bin ROW_FORMAT = Dynamic;

-- ----------------------------
-- Records of picture
-- ----------------------------
INSERT INTO `picture` VALUES (1, 'http://i2.chinanews.com/simg/cmshd/2021/04/01/e24ed631acd04f2ba05fa38a6c4868e5.jpg');
INSERT INTO `picture` VALUES (16, '/static/uploads/images\\2021040313451996.PNG');
INSERT INTO `picture` VALUES (17, '/static/uploads/images\\2021040610252306.gif');
INSERT INTO `picture` VALUES (18, '/static/uploads/images\\2021040313451996.PNG');
INSERT INTO `picture` VALUES (19, '/static/uploads/images\\2021040813595207.jpg');
INSERT INTO `picture` VALUES (20, '/static/uploads/images\\2021040814045635.jpg');
INSERT INTO `picture` VALUES (21, '/static/uploads/images\\2021040814064613.jpg');
INSERT INTO `picture` VALUES (22, '/static/uploads/images\\2021040814134676.');
INSERT INTO `picture` VALUES (23, '/static/uploads/images\\2021040814322263.jpg');
INSERT INTO `picture` VALUES (24, '/static/uploads/images\\2021040814334852.png');
INSERT INTO `picture` VALUES (25, '/static/uploads/images\\2021040814354907.jpg');
INSERT INTO `picture` VALUES (26, '/static/uploads/images\\2021040814453182.jpg');
INSERT INTO `picture` VALUES (27, '/static/uploads/images\\2021040815020815.jpg');
INSERT INTO `picture` VALUES (28, '/static/uploads/images\\2021040820042165.jpg');
INSERT INTO `picture` VALUES (29, '/static/uploads/images\\2021040820051838.jpg');
INSERT INTO `picture` VALUES (30, '/static/uploads/images\\2021040820064190.jpg');
INSERT INTO `picture` VALUES (31, '/static/uploads/images\\2021040820113469.jpg');
INSERT INTO `picture` VALUES (32, '/static/uploads/images\\2021040820134342.jpg');
INSERT INTO `picture` VALUES (34, '/static/uploads/images\\2021040820154759.jpg');
INSERT INTO `picture` VALUES (35, '/static/uploads/images\\2021040820173641.jpg');
INSERT INTO `picture` VALUES (36, '/static/uploads/images\\2021040820243561.jpg');
INSERT INTO `picture` VALUES (37, '/static/uploads/images\\2021040820265250.jpg');
INSERT INTO `picture` VALUES (38, '/static/uploads/images\\2021040820282442.jpg');
INSERT INTO `picture` VALUES (43, '/static/uploads/images\\2021041410263092.jpg');

-- ----------------------------
-- Table structure for prefect_blog_url
-- ----------------------------
DROP TABLE IF EXISTS `prefect_blog_url`;
CREATE TABLE `prefect_blog_url`  (
  `id` int(10) UNSIGNED NOT NULL AUTO_INCREMENT,
  `name` varchar(255) CHARACTER SET utf8mb4 COLLATE utf8mb4_bin NOT NULL,
  `url` varchar(255) CHARACTER SET utf8mb4 COLLATE utf8mb4_bin NOT NULL,
  `category` varchar(255) CHARACTER SET utf8mb4 COLLATE utf8mb4_bin NOT NULL,
  `c_time` timestamp(0) NOT NULL DEFAULT CURRENT_TIMESTAMP,
  `u_time` timestamp(0) NOT NULL DEFAULT CURRENT_TIMESTAMP ON UPDATE CURRENT_TIMESTAMP(0),
  PRIMARY KEY (`id`) USING BTREE
) ENGINE = InnoDB AUTO_INCREMENT = 12 CHARACTER SET = utf8mb4 COLLATE = utf8mb4_bin ROW_FORMAT = Dynamic;

-- ----------------------------
-- Records of prefect_blog_url
-- ----------------------------
INSERT INTO `prefect_blog_url` VALUES (1, 'AI算法工程师手册', 'http://www.huaxiaozhuan.com/', '1', '2021-04-03 15:34:13', '2021-04-03 15:37:35');
INSERT INTO `prefect_blog_url` VALUES (2, 'GiantPandaCV', 'http://www.giantpandacv.com/', '1', '2021-04-03 15:34:43', '2021-04-03 15:37:36');
INSERT INTO `prefect_blog_url` VALUES (3, 'hjimce专栏', 'https://blog.csdn.net/hjimce', '1', '2021-04-03 15:35:22', '2021-04-03 15:37:37');
INSERT INTO `prefect_blog_url` VALUES (4, '极市开发者平台', 'https://bbs.cvmart.net/', '1', '2021-04-03 15:36:19', '2021-04-03 15:37:40');
INSERT INTO `prefect_blog_url` VALUES (7, '天池官网', 'https://tianchi.aliyun.com/', '5', '2021-04-06 10:35:15', '2021-04-06 10:35:15');
INSERT INTO `prefect_blog_url` VALUES (8, '神力AI平台', 'http://manaai.cn/', '5', '2021-04-06 21:22:13', '2021-04-06 21:22:13');
INSERT INTO `prefect_blog_url` VALUES (9, 'gensim官网', 'https://radimrehurek.com/gensim/index.html', '5', '2021-04-13 17:33:24', '2021-04-13 17:33:24');
INSERT INTO `prefect_blog_url` VALUES (10, 'sklearn 中文文档', 'https://www.scikitlearn.com.cn/', '1', '2021-04-13 17:35:19', '2021-04-13 17:35:19');
INSERT INTO `prefect_blog_url` VALUES (11, 'sklearn官网', 'https://scikit-learn.org/stable/', '5', '2021-04-13 17:37:44', '2021-04-13 17:37:44');
INSERT INTO `prefect_blog_url` VALUES (12, '爬虫-curl转换request', 'https://curl.trillworks.com/#python', '4', '2021-04-13 19:52:14', '2021-04-13 19:52:14');

-- ----------------------------
-- Table structure for statistics
-- ----------------------------
DROP TABLE IF EXISTS `statistics`;
CREATE TABLE `statistics`  (
  `id` int(10) UNSIGNED NOT NULL AUTO_INCREMENT,
  `article_id` int(255) UNSIGNED NOT NULL,
  `view_count` int(255) NOT NULL DEFAULT 0,
  `like_count` int(255) NOT NULL DEFAULT 0,
  `c_time` timestamp(0) NOT NULL DEFAULT CURRENT_TIMESTAMP,
  `u_time` timestamp(0) NOT NULL DEFAULT CURRENT_TIMESTAMP ON UPDATE CURRENT_TIMESTAMP(0),
  PRIMARY KEY (`id`) USING BTREE,
  INDEX `article_id_1`(`article_id`) USING BTREE,
  CONSTRAINT `article_id_1` FOREIGN KEY (`article_id`) REFERENCES `article` (`id`) ON DELETE CASCADE ON UPDATE CASCADE
) ENGINE = InnoDB AUTO_INCREMENT = 37 CHARACTER SET = utf8mb4 COLLATE = utf8mb4_bin ROW_FORMAT = Dynamic;

-- ----------------------------
-- Records of statistics
-- ----------------------------
INSERT INTO `statistics` VALUES (1, 1, 28, 20, '2021-04-08 09:56:18', '2021-04-14 10:32:14');
INSERT INTO `statistics` VALUES (2, 2, 14, 2, '2021-04-08 09:56:33', '2021-04-14 10:17:40');
INSERT INTO `statistics` VALUES (3, 15, 305, 89, '2021-04-08 09:57:26', '2021-04-14 10:15:07');
INSERT INTO `statistics` VALUES (4, 16, 25, 12, '2021-04-08 09:57:42', '2021-04-14 10:14:52');
INSERT INTO `statistics` VALUES (5, 17, 52, 58, '2021-04-08 10:01:26', '2021-04-16 15:20:56');
INSERT INTO `statistics` VALUES (6, 18, 74, 33, '2021-04-08 15:46:39', '2021-04-14 10:08:54');
INSERT INTO `statistics` VALUES (7, 19, 26, 180, '2021-04-08 15:46:57', '2021-04-14 10:08:57');
INSERT INTO `statistics` VALUES (8, 20, 79, 66, '2021-04-08 15:47:13', '2021-04-14 10:09:59');
INSERT INTO `statistics` VALUES (9, 21, 19, 7, '2021-04-08 15:47:24', '2021-04-14 10:22:48');
INSERT INTO `statistics` VALUES (10, 22, 202, 22, '2021-04-08 15:47:49', '2021-04-14 10:22:52');
INSERT INTO `statistics` VALUES (11, 23, 79, 54, '2021-04-08 15:48:09', '2021-04-14 10:22:54');
INSERT INTO `statistics` VALUES (12, 24, 190, 98, '2021-04-08 15:48:19', '2021-04-14 10:22:57');
INSERT INTO `statistics` VALUES (13, 25, 101, 15, '2021-04-08 15:48:31', '2021-04-14 10:23:00');
INSERT INTO `statistics` VALUES (14, 34, 3, 1, '2021-04-08 20:24:35', '2021-04-14 09:50:51');
INSERT INTO `statistics` VALUES (15, 35, 0, 0, '2021-04-08 20:26:52', '2021-04-08 20:26:52');
INSERT INTO `statistics` VALUES (16, 36, 1, 0, '2021-04-08 20:28:24', '2021-04-14 10:17:56');
INSERT INTO `statistics` VALUES (22, 44, 5, 1, '2021-04-08 21:00:11', '2021-04-14 10:17:52');
INSERT INTO `statistics` VALUES (23, 37, 0, 0, '2021-04-14 08:57:59', '2021-04-14 08:57:59');
INSERT INTO `statistics` VALUES (24, 38, 0, 0, '2021-04-14 08:58:05', '2021-04-14 08:58:05');
INSERT INTO `statistics` VALUES (25, 39, 0, 0, '2021-04-14 08:58:12', '2021-04-14 08:58:12');
INSERT INTO `statistics` VALUES (26, 40, 1, 0, '2021-04-14 08:58:20', '2021-04-14 10:18:07');
INSERT INTO `statistics` VALUES (27, 41, 0, 1, '2021-04-14 08:58:28', '2021-04-14 08:59:03');
INSERT INTO `statistics` VALUES (28, 32, 1, 0, '2021-04-14 10:21:17', '2021-04-14 10:23:17');
INSERT INTO `statistics` VALUES (29, 30, 1, 0, '2021-04-14 10:21:24', '2021-04-14 10:23:13');
INSERT INTO `statistics` VALUES (30, 29, 1, 0, '2021-04-14 10:21:54', '2021-04-14 10:23:10');
INSERT INTO `statistics` VALUES (31, 28, 1, 0, '2021-04-14 10:22:02', '2021-04-14 10:23:08');
INSERT INTO `statistics` VALUES (32, 27, 1, 0, '2021-04-14 10:22:14', '2021-04-14 10:23:06');
INSERT INTO `statistics` VALUES (33, 26, 1, 0, '2021-04-14 10:22:20', '2021-04-14 10:23:03');
INSERT INTO `statistics` VALUES (34, 33, 0, 0, '2021-04-14 10:23:42', '2021-04-14 10:23:42');
INSERT INTO `statistics` VALUES (35, 45, 2, 0, '2021-04-14 10:26:30', '2021-04-15 19:47:02');
INSERT INTO `statistics` VALUES (36, 46, 0, 0, '2021-04-14 10:28:05', '2021-04-14 10:28:05');
INSERT INTO `statistics` VALUES (37, 47, 2, 1, '2021-04-16 15:19:52', '2021-04-16 15:20:30');

-- ----------------------------
-- Table structure for tag
-- ----------------------------
DROP TABLE IF EXISTS `tag`;
CREATE TABLE `tag`  (
  `id` int(10) UNSIGNED NOT NULL AUTO_INCREMENT,
  `name` varchar(255) CHARACTER SET utf8mb4 COLLATE utf8mb4_bin NOT NULL,
  `article_id` int(10) UNSIGNED NOT NULL,
  `c_time` timestamp(0) NOT NULL DEFAULT CURRENT_TIMESTAMP,
  `u_time` timestamp(0) NOT NULL DEFAULT CURRENT_TIMESTAMP ON UPDATE CURRENT_TIMESTAMP(0),
  PRIMARY KEY (`id`) USING BTREE,
  INDEX `article_id_2`(`article_id`) USING BTREE,
  CONSTRAINT `article_id_2` FOREIGN KEY (`article_id`) REFERENCES `article` (`id`) ON DELETE CASCADE ON UPDATE CASCADE
) ENGINE = InnoDB AUTO_INCREMENT = 19 CHARACTER SET = utf8mb4 COLLATE = utf8mb4_bin ROW_FORMAT = Dynamic;

-- ----------------------------
-- Records of tag
-- ----------------------------
INSERT INTO `tag` VALUES (1, '青云', 44, '2021-04-08 21:00:11', '2021-04-13 17:47:23');
INSERT INTO `tag` VALUES (2, '深度学习', 44, '2021-04-08 21:00:11', '2021-04-13 17:47:29');
INSERT INTO `tag` VALUES (3, '爬虫', 44, '2021-04-08 21:00:11', '2021-04-13 17:47:34');
INSERT INTO `tag` VALUES (4, 'Tensorflow', 44, '2021-04-08 21:00:11', '2021-04-13 17:47:41');
INSERT INTO `tag` VALUES (5, '黑客', 33, '2021-04-13 17:57:09', '2021-04-13 17:57:09');
INSERT INTO `tag` VALUES (6, '数据分析', 19, '2021-04-13 17:57:33', '2021-04-13 17:57:33');
INSERT INTO `tag` VALUES (7, 'Pytorch', 27, '2021-04-13 17:58:12', '2021-04-13 17:58:12');
INSERT INTO `tag` VALUES (8, '神经网络', 21, '2021-04-13 17:58:24', '2021-04-13 17:58:24');
INSERT INTO `tag` VALUES (9, 'CV', 30, '2021-04-13 17:58:39', '2021-04-13 17:58:39');
INSERT INTO `tag` VALUES (10, 'NLP', 18, '2021-04-13 17:58:49', '2021-04-13 17:58:49');
INSERT INTO `tag` VALUES (11, '阿里云', 15, '2021-04-13 17:59:07', '2021-04-13 17:59:07');
INSERT INTO `tag` VALUES (12, '天池大赛', 21, '2021-04-13 17:59:20', '2021-04-13 17:59:20');
INSERT INTO `tag` VALUES (13, '卡鲁卡呀', 37, '2021-04-13 17:59:40', '2021-04-13 17:59:40');
INSERT INTO `tag` VALUES (14, '李克强', 45, '2021-04-14 10:26:30', '2021-04-14 10:26:30');
INSERT INTO `tag` VALUES (15, '领导人', 45, '2021-04-14 10:26:30', '2021-04-14 10:26:30');
INSERT INTO `tag` VALUES (16, '教育', 46, '2021-04-14 10:28:05', '2021-04-14 10:28:05');
INSERT INTO `tag` VALUES (17, '医疗', 46, '2021-04-14 10:28:05', '2021-04-14 10:28:05');
INSERT INTO `tag` VALUES (18, '队列', 47, '2021-04-16 15:19:52', '2021-04-16 15:19:52');
INSERT INTO `tag` VALUES (19, 'queue', 47, '2021-04-16 15:19:52', '2021-04-16 15:19:52');

SET FOREIGN_KEY_CHECKS = 1;
